record_id;redcap_survey_identifier;introduction_utilisation_des_technologies_interact_timestamp;consent;socio_age;socio_exp;socio_region;socio_milieu___1;socio_milieu___2;socio_milieu___3;socio_milieu___4;socio_milieu___5;socio_milieu___6;socio_milieu_o;socio_prg___1;socio_prg___2;socio_prg___3;socio_prg___4;socio_prg___5;socio_prg___6;socio_acces_it;socio_acces_it_o___1;socio_acces_it_o___2;socio_acces_it_o___3;socio_acces_it_o___4;socio_acces_it_o___5;socio_acces_it_o___6;socio_expo_it;or_profil;introduction_utilisation_des_technologies_interact_complete;profil_utilisateur_de_technologies_interactives_timestamp;rv_ou_ra_used;rv_ou_ra_mrq;rv_ou_ra_frz;rv_ou_ra_ctx;jva_used;jva_mrq;jva_frz;jva_ctx;appli_used;appli_mrq;appli_frz;appli_ctx;wearables_used;wearables_mrq;wearables_frz;wearables_ctx;robo_used;robo_mrq;robo_frz;robo_ctx;mrq_age1;mrq_age2;mrq_age3;mrq_age4;mrq_age5;mrq_used_q2_1___1;mrq_used_q2_1___2;mrq_used_q2_1___3;mrq_used_q2_1___4;mrq_used_q2_1___5;mrq_used_q2_2___1;mrq_used_q2_2___2;mrq_used_q2_2___3;mrq_used_q2_2___4;mrq_used_q2_2___5;mrq_used_q2_3___1;mrq_used_q2_3___2;mrq_used_q2_3___3;mrq_used_q2_3___4;mrq_used_q2_3___5;mrq_used_q2_4___1;mrq_used_q2_4___2;mrq_used_q2_4___3;mrq_used_q2_4___4;mrq_used_q2_4___5;mrq_used_q2_5___1;mrq_used_q2_5___2;mrq_used_q2_5___3;mrq_used_q2_5___4;mrq_used_q2_5___5;mrq_patho1;mrq_patho2;mrq_patho3;mrq_patho4;mrq_patho5;mrq_used_q3_1___1;mrq_used_q3_1___2;mrq_used_q3_1___3;mrq_used_q3_1___4;mrq_used_q3_1___5;mrq_used_q3_2___1;mrq_used_q3_2___2;mrq_used_q3_2___3;mrq_used_q3_2___4;mrq_used_q3_2___5;mrq_used_q3_3___1;mrq_used_q3_3___2;mrq_used_q3_3___3;mrq_used_q3_3___4;mrq_used_q3_3___5;mrq_used_q3_4___1;mrq_used_q3_4___2;mrq_used_q3_4___3;mrq_used_q3_4___4;mrq_used_q3_4___5;mrq_used_q3_5___1;mrq_used_q3_5___2;mrq_used_q3_5___3;mrq_used_q3_5___4;mrq_used_q3_5___5;mrq_path_o;mrq_iog1;mrq_iog2;mrq_iog3;mrq_iog4;mrq_iog5;mrq_used_q4_1;mrq_used_q4_2;mrq_used_q4_3;mrq_used_q4_4;mrq_used_q4_5;ti_iogp;ti_collab;ti_collab_q5_1;ti_collab_pro_q5_1___1;ti_collab_pro_q5_1___2;ti_collab_pro_q5_1___3;ti_collab_pro_q5_1___4;ti_collab_pro_q5_1___5;ti_collab_pro_q5_1___6;ti_collab_pro_q5_1___7;mrq_tps1;mrq_tps2;mrq_tps3;mrq_tps4;mrq_tps5;mrq_used_q6_1;mrq_used_q6_2;mrq_used_q6_3;mrq_used_q6_4;mrq_used_q6_5;mrq_used_q7_1;mrq_used_q7_2;mrq_used_q7_3;mrq_used_q7_4;mrq_used_q7_5;mrq_hab_1_1;mrq_hab_1_2;mrq_hab_1_3;mrq_hab_1_4;mrq_hab_1_5;mrq_hab_2_1;mrq_hab_2_2;mrq_hab_2_3;mrq_hab_2_4;mrq_hab_2_5;ti_vad;ti_vad_q8_1;ti_vad_mrq_q8_1___1;ti_vad_mrq_q8_1___2;ti_vad_mrq_q8_1___3;ti_vad_mrq_q8_1___4;ti_vad_mrq_q8_1___5;ti_accord_q9_1;ti_accord_q9_2;mrqs_used_q9_1___1;mrqs_used_q9_1___2;mrqs_used_q9_1___3;mrqs_used_q9_1___4;mrqs_used_q9_1___5;mrqs_used_q9_2___1;mrqs_used_q9_2___2;mrqs_used_q9_2___3;mrqs_used_q9_2___4;mrqs_used_q9_2___5;ti_po_k;ti_po_asp___1;ti_po_asp___2;ti_po_asp___3;ti_po_asp___4;ti_accord_q12_1;ti_accord_q12_2;mrqs_used_q12_1___1;mrqs_used_q12_1___2;mrqs_used_q12_1___3;mrqs_used_q12_1___4;mrqs_used_q12_1___5;mrqs_used_q12_2___1;mrqs_used_q12_2___2;mrqs_used_q12_2___3;mrqs_used_q12_2___4;mrqs_used_q12_2___5;ti_accord_q13_1;mrqs_used_q13_1___1;mrqs_used_q13_1___2;mrqs_used_q13_1___3;mrqs_used_q13_1___4;mrqs_used_q13_1___5;ti_gestion_pb___1;ti_gestion_pb___2;ti_gestion_pb___3;ti_gestion_pb___4;ti_gestion_pb___5;ti_gestion_pb___6;ti_gestion_pb___7;ti_gestion_pb___8;ti_gestion_pb___9;ti_gestion_pb___10;ti_gestion_pb_o;ti_accord_q15_1;mrq_used_q15_1___1;mrq_used_q15_1___2;mrq_used_q15_1___3;mrq_used_q15_1___4;mrq_used_q15_1___5;ti_preoccup_parents;ti_preoccup_parents_q16_1;ti_preoccup_oui_q16_1___1;ti_preoccup_oui_q16_1___2;ti_preoccup_oui_q16_1___3;ti_preoccup_oui_q16_1___4;ti_preoccup_oui_q16_1___5;ti_preoccup_oui_q16_1___6;ti_preoccup_oui_q16_1___7;ti_preoccup_parents_o;ti_satis_parents;ti_relations_parents;profil_utilisateur_de_technologies_interactives_complete;profil_nonutilisateur_de_technologies_interactives_timestamp;mrq_fam_1;mrq_fam_2;mrq_fam_3;mrq_fam_4;mrq_fam_5;nti_raisons_interet;nti_diff_1_1;nti_diff_1_2;nti_diff_1_3;nti_diff_1_4;nti_diff_1_5;nti_diff_1_6;nti_diff_o;nti_persp_presence;nti_impact_futur;nti_collab;nti_preocup_secu___1;nti_preocup_secu___2;nti_preocup_secu___3;nti_preocup_secu___4;nti_preocup_secu___5;nti_preocup_secu___6;nti_preocup_secu___7;nti_preocup_secu___8;nti_preocup_secu___9;nti_preocup_secu___10;nti_preocup_secu___11;nti_preocup_secu___12;nti_preocup_secu___13;nti_preocup_secu___14;profil_nonutilisateur_de_technologies_interactives_complete;synthse_et_rflexions_futures_pour_tous_timestamp;tt_accord_q1_1;tt_accord_q1_2;mrqs_used_q1_1___1;mrqs_used_q1_1___2;mrqs_used_q1_1___3;mrqs_used_q1_1___4;mrqs_used_q1_1___5;mrqs_used_q1_2___1;mrqs_used_q1_2___2;mrqs_used_q1_2___3;mrqs_used_q1_2___4;mrqs_used_q1_2___5;tt_k_forma;tt_besoin_secu___1;tt_besoin_secu___2;tt_besoin_secu___3;tt_besoin_secu___4;tt_besoin_secu___5;tt_besoin_secu___6;tt_besoin_secu___7;tt_besoin_secu___8;tt_persp_avantage___1;tt_persp_avantage___2;tt_persp_avantage___3;tt_persp_avantage___4;tt_persp_avantage___5;tt_persp_avantage___6;tt_persp_avantage___7;tt_persp_desavantage___1;tt_persp_desavantage___2;tt_persp_desavantage___3;tt_persp_desavantage___4;tt_persp_desavantage___5;tt_persp_desavantage___6;tt_persp_desavantage___7;tt_persp_desavantage___8;tt_persp_desavantage___9;carte_kdo;synthse_et_rflexions_futures_pour_tous_complete;cartescadeaux_timestamp;kdo_carte_coordo;futures_etudes;cartescadeaux_complete
1;;2024-11-21 17:24:55;1;3;5;6;0;1;0;1;0;0;;0;0;0;0;0;1;2;0;0;0;0;0;0;2;2;2;;;;;;;;;;;;;;;;;;;;;;;;;;;0;0;0;0;0;0;0;0;0;0;0;0;0;0;0;0;0;0;0;0;0;0;0;0;0;;;;;;0;0;0;0;0;0;0;0;0;0;0;0;0;0;0;0;0;0;0;0;0;0;0;0;0;;;;;;;;;;;;;;;0;0;0;0;0;0;0;;;;;;;;;;;;;;;;;;;;;;;;;;;;0;0;0;0;0;;;0;0;0;0;0;0;0;0;0;0;;0;0;0;0;;;0;0;0;0;0;0;0;0;0;0;;0;0;0;0;0;0;0;0;0;0;0;0;0;0;0;;;0;0;0;0;0;;;0;0;0;0;0;0;0;;;;0;2024-11-21 17:26:25;1;1;1;1;1;2;2;5;5;5;3;;;2;3;1;1;0;1;1;0;1;0;0;1;1;1;0;1;0;2;2024-11-21 17:28:06;1;1;1;1;1;1;1;1;1;1;1;1;3;0;1;1;0;0;1;1;0;1;0;1;0;0;1;0;0;1;1;1;0;1;0;1;0;1;2;2024-11-21 17:28:52;Melanie Caouette   caouette_melanie@yahoo.ca;1;2
2;;2024-11-21 17:49:39;1;3;2;12;0;0;1;0;0;0;;1;1;1;1;0;1;2;0;0;0;0;0;0;3;2;2;;;;;;;;;;;;;;;;;;;;;;;;;;;0;0;0;0;0;0;0;0;0;0;0;0;0;0;0;0;0;0;0;0;0;0;0;0;0;;;;;;0;0;0;0;0;0;0;0;0;0;0;0;0;0;0;0;0;0;0;0;0;0;0;0;0;;;;;;;;;;;;;;;0;0;0;0;0;0;0;;;;;;;;;;;;;;;;;;;;;;;;;;;;0;0;0;0;0;;;0;0;0;0;0;0;0;0;0;0;;0;0;0;0;;;0;0;0;0;0;0;0;0;0;0;;0;0;0;0;0;0;0;0;0;0;0;0;0;0;0;;;0;0;0;0;0;;;0;0;0;0;0;0;0;;;;0;2024-11-21 17:52:11;1;2;2;1;1;2;1;5;5;5;2;5;;2;3;1;0;0;0;1;0;0;0;0;1;0;0;0;0;0;2;2024-11-21 17:54:34;1;2;1;0;0;1;1;0;0;0;0;0;3;1;0;1;0;1;1;1;1;1;1;1;0;0;0;0;0;0;0;1;1;0;1;1;0;1;2;2024-11-21 17:55:01;Marianne Germain   marianne_stef@hotmail.com   581-999-3455;2;2
3;;2024-11-21 18:00:25;1;1;2;3;0;1;0;0;0;0;;0;0;0;0;0;1;2;0;0;0;0;0;0;5;1;2;;;;;;;;;;;;;;;;;;;;;;;;;;;0;0;0;0;0;0;0;0;0;0;0;0;0;0;0;0;0;0;0;0;0;0;0;0;0;;;;;;0;0;0;0;0;0;0;0;0;0;0;0;0;0;0;0;0;0;0;0;0;0;0;0;0;;;;;;;;;;;;;;;0;0;0;0;0;0;0;;;;;;;;;;;;;;;;;;;;;;;;;;;;0;0;0;0;0;;;0;0;0;0;0;0;0;0;0;0;;0;0;0;0;;;0;0;0;0;0;0;0;0;0;0;;0;0;0;0;0;0;0;0;0;0;0;0;0;0;0;;;0;0;0;0;0;;;0;0;0;0;0;0;0;;;;0;;;;;;;;;;;;;;;;;;0;0;0;0;0;0;0;0;0;0;0;0;0;0;0;;;;0;0;0;0;0;0;0;0;0;0;;0;0;0;0;0;0;0;0;0;0;0;0;0;0;0;0;0;0;0;0;0;0;0;0;;0;;;;0
4;;2024-11-21 18:32:12;1;3;5;15;0;0;1;0;0;0;;0;1;0;0;0;0;1;0;0;1;0;0;0;3;2;2;;;;;;;;;;;;;;;;;;;;;;;;;;;0;0;0;0;0;0;0;0;0;0;0;0;0;0;0;0;0;0;0;0;0;0;0;0;0;;;;;;0;0;0;0;0;0;0;0;0;0;0;0;0;0;0;0;0;0;0;0;0;0;0;0;0;;;;;;;;;;;;;;;0;0;0;0;0;0;0;;;;;;;;;;;;;;;;;;;;;;;;;;;;0;0;0;0;0;;;0;0;0;0;0;0;0;0;0;0;;0;0;0;0;;;0;0;0;0;0;0;0;0;0;0;;0;0;0;0;0;0;0;0;0;0;0;0;0;0;0;;;0;0;0;0;0;;;0;0;0;0;0;0;0;;;;0;2024-11-21 18:34:24;2;2;2;2;1;2;1;4;5;5;2;1;;2;2;1;0;0;0;1;0;1;0;0;1;0;0;0;0;0;2;2024-11-21 18:36:26;1;2;1;0;0;1;1;0;0;0;0;0;3;0;0;1;0;0;1;1;0;0;1;1;0;0;1;0;0;1;1;1;1;0;1;1;0;1;2;2024-11-21 18:37:01;Karine desjardins   desjardinsk@hotmail.com   8195075643;2;2
6;;2024-11-21 19:31:23;1;2;2;13;0;0;0;1;0;0;;0;0;1;0;0;0;1;0;0;1;1;0;0;3;1;2;2024-11-21 19:41:23;2;;;;2;;;;1;Apple;4;3;2;;;;2;;;;2;3;;;;0;0;1;0;0;0;0;1;0;0;0;0;0;0;0;0;0;0;0;0;0;0;0;0;0;2;1;;;;0;0;1;0;0;0;0;1;0;0;0;0;0;0;0;0;0;0;0;0;0;0;0;0;0;;1;;;;;3;;;;;;;1;0;1;0;1;0;0;1;2;;;;;3;;;;;3;;;;;14;;;;;8;;;;;;2;0;0;0;0;0;1;1;0;0;1;0;0;0;0;1;0;0;1;1;1;1;0;1;1;0;0;1;0;0;0;0;1;0;0;3;0;0;1;0;0;0;1;0;1;1;1;0;0;0;0;;3;0;0;1;0;0;;1;1;1;0;0;1;0;0;;3;3;2;;;;;;;;;;;;;;;;;;0;0;0;0;0;0;0;0;0;0;0;0;0;0;0;2024-11-21 19:43:16;1;2;1;1;0;1;1;0;0;0;0;0;3;1;1;0;1;1;0;1;1;1;0;1;1;0;0;0;0;1;1;1;1;1;1;1;0;1;2;2024-11-21 19:44:03;Marie-Hélène Moisan  mariehmoisan@aol.com  418-922-0274;2;2
7;;2024-11-21 19:37:28;1;4;5;6;1;0;0;0;0;0;;0;0;0;0;1;0;2;0;0;0;0;0;0;3;1;2;2024-11-21 19:45:22;2;;;;1;;;;2;;;;1;;;;2;;;;3;;;;;0;1;0;0;0;0;0;0;0;0;0;0;0;0;0;0;0;0;0;0;0;0;0;0;0;4;4;;;;0;1;0;0;0;0;0;0;0;0;0;0;0;0;0;0;0;0;0;0;0;0;0;0;0;;1;;;;;2;;;;;Groupe impossible dans mon travail ;;1;1;0;0;1;0;0;0;3;;;;;2;;;;;2;;;;;12;;;;;13;;;;;;2;0;0;0;0;0;3;3;0;0;0;0;0;0;0;0;0;0;1;0;1;1;0;1;2;0;1;0;0;0;0;0;0;0;0;3;0;1;0;0;0;0;1;1;1;0;1;0;0;1;0;;2;0;0;0;0;0;;3;0;0;0;0;1;1;0;;3;3;2;;;;;;;;;;;;;;;;;;0;0;0;0;0;0;0;0;0;0;0;0;0;0;0;2024-11-21 19:48:10;1;2;1;1;1;1;1;0;0;0;0;0;3;1;0;1;1;1;1;1;1;1;0;0;0;0;0;0;0;1;1;1;1;1;1;1;0;1;2;2024-11-21 19:49:23;Thiboutotlucie@gmail.com  514 521 6572;1;2
8;;2024-11-21 20:06:58;1;2;4;7;0;0;0;1;1;0;;0;0;1;1;1;1;1;0;1;1;0;0;0;4;1;2;2024-11-21 20:40:31;2;;;;1;;3;3;1;;1;3;2;;;;2;;;;1;2;3;4;;0;0;1;0;0;0;0;1;0;0;0;1;1;0;0;0;1;1;1;0;0;0;0;0;0;;;;;;0;0;0;0;0;0;0;0;0;0;0;0;0;0;0;0;0;0;0;0;0;0;0;0;0;;1;1;1;;;2;3;4;;;de manière individuelle;;1;1;1;0;1;0;0;0;5;5;;;;2;3;;;;;;;;;;;;;;;;;;;;1;0;1;1;0;0;1;3;0;1;1;0;0;0;0;0;0;0;1;1;1;1;0;1;3;0;1;1;0;0;0;0;0;0;0;2;0;0;0;0;0;0;0;0;0;0;0;0;0;0;0;;3;0;1;1;0;0;;1;0;1;0;0;0;0;0;;3;2;2;;;;;;;;;;;;;;;;;;0;0;0;0;0;0;0;0;0;0;0;0;0;0;0;2024-11-21 20:56:53;3;;0;0;0;0;0;0;0;0;0;0;2;1;1;1;0;1;1;1;1;1;1;1;1;0;0;0;0;0;0;1;1;1;0;1;0;1;2;2024-11-21 20:57:25;Shannon Gravelle   shanbird@gmail.com;1;2
9;;2024-11-21 21:16:23;1;1;2;6;0;1;0;0;0;0;;0;0;0;1;0;1;1;0;1;1;0;0;0;3;1;2;2024-11-21 21:26:54;2;;;;2;;;;1;;4;2;2;;;;2;;;;2;3;;;;0;0;1;0;0;0;0;1;0;0;0;0;0;0;0;0;0;0;0;0;0;0;0;0;0;1;2;3;;;0;0;1;0;0;0;0;1;0;0;0;0;1;0;0;0;0;0;0;0;0;0;0;0;0;;1;;;;;3;;;;;Individuel, plus facile de gerer l'utlisation, la posture, le temps, le materiel ;;1;0;1;0;1;0;0;0;1;;;;;3;;;;;3;;;;;8;;;;;14;;;;;;1;0;0;1;0;0;1;1;0;0;1;0;0;0;0;1;0;0;1;1;1;1;0;1;1;0;0;1;0;0;0;0;1;0;0;1;0;0;0;0;0;0;0;1;1;1;0;0;0;0;0;;3;0;0;1;0;0;;1;0;1;1;0;0;1;1;Le coût d'accès;2;2;2;;;;;;;;;;;;;;;;;;0;0;0;0;0;0;0;0;0;0;0;0;0;0;0;2024-11-21 21:29:23;1;2;1;1;1;1;1;0;0;0;0;0;3;1;1;1;1;0;1;1;1;1;0;1;1;0;0;0;0;1;0;1;1;0;0;1;0;1;2;2024-11-21 21:30:19;Jihene Tlili , jihene.tlili@hotmail.com, 514-582-0128;1;2
10;;2024-11-21 21:30:46;1;2;3;14;0;1;0;0;0;0;;0;0;0;0;0;1;1;0;0;1;0;0;0;4;1;2;2024-11-21 21:41:10;2;;;;2;;;;1;;;;2;;;;2;;;;3;2;;;;0;0;1;0;0;0;0;1;0;0;0;0;0;0;0;0;0;0;0;0;0;0;0;0;0;1;4;;;;0;0;1;0;0;0;0;1;0;0;0;0;0;0;0;0;0;0;0;0;0;0;0;0;0;Enfant avec difficultés motrices sans trouble développemental plus grand.   Enfants avec TSA, TDAH;1;;;;;3;;;;;Je ne fais pas de groupe;;1;0;1;0;0;0;0;0;1;;;;;3;;;;;3;;;;;8;;;;;14;;;;;;1;0;0;1;0;0;3;1;0;0;0;0;0;0;0;1;0;0;1;0;1;1;0;2;1;0;0;0;0;0;0;0;1;0;0;1;0;0;0;0;0;0;0;0;1;1;1;0;0;0;1;Dilemme d'intégrer l'utilisation d'écrans alors qu'on tente plutôt de favoriser une diminution des écrans chez les enfants.;3;0;0;1;0;0;;1;0;1;0;1;1;0;0;;2;3;2;;;;;;;;;;;;;;;;;;0;0;0;0;0;0;0;0;0;0;0;0;0;0;0;2024-11-21 21:43:38;2;1;0;0;0;0;0;0;0;1;0;0;3;1;1;1;1;1;0;1;1;1;0;1;0;0;0;0;0;1;0;1;0;1;1;1;0;1;2;2024-11-21 21:44:16;Camille Forest-Lachapelle  cam.forest@hotmail.com  514-796-1667;1;2
12;;2024-11-21 21:59:00;1;4;5;6;0;0;0;0;0;1;Travail autonome semi retraité ;0;0;0;0;0;1;1;0;0;1;0;0;0;3;1;2;;;;;;;;;;;;;;;;;;;;;;;;;;;0;0;0;0;0;0;0;0;0;0;0;0;0;0;0;0;0;0;0;0;0;0;0;0;0;;;;;;0;0;0;0;0;0;0;0;0;0;0;0;0;0;0;0;0;0;0;0;0;0;0;0;0;;;;;;;;;;;;;;;0;0;0;0;0;0;0;;;;;;;;;;;;;;;;;;;;;;;;;;;;0;0;0;0;0;;;0;0;0;0;0;0;0;0;0;0;;0;0;0;0;;;0;0;0;0;0;0;0;0;0;0;;0;0;0;0;0;0;0;0;0;0;0;0;0;0;0;;;0;0;0;0;0;;;0;0;0;0;0;0;0;;;;0;;;;;;;;;;;;;;;;;;0;0;0;0;0;0;0;0;0;0;0;0;0;0;0;;;;0;0;0;0;0;0;0;0;0;0;;0;0;0;0;0;0;0;0;0;0;0;0;0;0;0;0;0;0;0;0;0;0;0;0;;0;;;;0
13;;2024-11-21 22:01:11;1;4;5;6;0;0;0;0;0;1;Travail autonome semi retraité ;0;0;0;0;0;1;3;0;0;0;0;0;1;3;2;2;;;;;;;;;;;;;;;;;;;;;;;;;;;0;0;0;0;0;0;0;0;0;0;0;0;0;0;0;0;0;0;0;0;0;0;0;0;0;;;;;;0;0;0;0;0;0;0;0;0;0;0;0;0;0;0;0;0;0;0;0;0;0;0;0;0;;;;;;;;;;;;;;;0;0;0;0;0;0;0;;;;;;;;;;;;;;;;;;;;;;;;;;;;0;0;0;0;0;;;0;0;0;0;0;0;0;0;0;0;;0;0;0;0;;;0;0;0;0;0;0;0;0;0;0;;0;0;0;0;0;0;0;0;0;0;0;0;0;0;0;;;0;0;0;0;0;;;0;0;0;0;0;0;0;;;;0;2024-11-21 22:04:50;1;2;1;1;1;2;2;3;2;4;3;1;;2;3;1;0;0;0;1;0;0;0;0;0;0;1;0;0;0;2;2024-11-21 22:08:10;3;2;0;0;0;0;0;0;0;0;0;0;3;1;1;1;1;1;1;1;1;1;1;1;1;1;1;0;0;1;0;1;1;1;1;1;0;1;2;2024-11-21 22:10:03;Julie Dupont  juliedupont33@yahoo.ca;1;2
14;;2024-11-22 06:33:48;1;1;2;3;0;0;1;0;0;0;;0;0;1;0;0;1;1;0;0;1;0;0;0;1;1;2;2024-11-22 06:41:25;2;;;;2;;;;1;Apple;5;2;2;;;;2;;;;2;3;;;;0;0;1;0;0;0;0;1;0;0;0;0;0;0;0;0;0;0;0;0;0;0;0;0;0;2;1;3;;;0;0;1;0;0;0;0;1;0;0;0;0;1;0;0;0;0;0;0;0;0;0;0;0;0;;1;;;;;3;;;;;Individuelle principalement par manque de ressources matérielles ;;2;0;0;0;0;0;0;0;1;2;;;;3;3;;;;3;3;;;;7;14;;;;8;12;;;;;1;0;0;1;0;0;3;1;0;0;0;0;0;0;0;1;0;0;1;1;0;1;0;1;1;0;0;1;0;0;0;0;1;0;0;2;0;0;1;0;0;0;0;1;0;1;1;0;0;1;0;;2;0;0;1;0;0;;1;0;1;0;0;1;0;0;;2;2;2;;;;;;;;;;;;;;;;;;0;0;0;0;0;0;0;0;0;0;0;0;0;0;0;2024-11-22 06:42:59;3;2;0;0;0;0;0;0;0;0;0;0;3;1;1;0;1;1;0;0;0;1;0;1;0;0;1;0;0;1;1;1;0;1;1;1;0;1;2;2024-11-22 06:43:48;Laurie Beauchesne  l_beauchesne@hotmail.fr  418-571-4242;1;2
15;;2024-11-22 06:50:04;1;2;3;5;0;0;1;0;0;0;;1;0;1;1;0;0;1;0;0;1;0;0;0;4;1;2;;;;;;;;;;;;;;;;;;;;;;;;;;;0;0;0;0;0;0;0;0;0;0;0;0;0;0;0;0;0;0;0;0;0;0;0;0;0;;;;;;0;0;0;0;0;0;0;0;0;0;0;0;0;0;0;0;0;0;0;0;0;0;0;0;0;;;;;;;;;;;;;;;0;0;0;0;0;0;0;;;;;;;;;;;;;;;;;;;;;;;;;;;;0;0;0;0;0;;;0;0;0;0;0;0;0;0;0;0;;0;0;0;0;;;0;0;0;0;0;0;0;0;0;0;;0;0;0;0;0;0;0;0;0;0;0;0;0;0;0;;;0;0;0;0;0;;;0;0;0;0;0;0;0;;;;0;;;;;;;;;;;;;;;;;;0;0;0;0;0;0;0;0;0;0;0;0;0;0;0;;;;0;0;0;0;0;0;0;0;0;0;;0;0;0;0;0;0;0;0;0;0;0;0;0;0;0;0;0;0;0;0;0;0;0;0;;0;;;;0
16;;2024-11-22 07:25:59;1;3;5;15;0;0;1;0;0;0;;0;1;0;0;0;1;1;0;0;1;0;0;0;3;1;2;2024-11-22 07:32:39;2;;;;2;;;;2;;;;2;;;;2;;;;3;;;;;0;0;1;0;0;0;0;0;0;0;0;0;0;0;0;0;0;0;0;0;0;0;0;0;0;1;;;;;0;0;1;0;0;0;0;0;0;0;0;0;0;0;0;0;0;0;0;0;0;0;0;0;0;;1;;;;;3;;;;;individuelle seulement. ;;2;0;0;0;0;0;0;0;1;;;;;3;;;;;3;;;;;14;;;;;;;;;;;1;0;0;1;0;0;2;1;0;0;0;0;0;0;0;1;0;0;1;1;1;0;0;3;1;0;0;0;0;0;0;0;1;0;0;1;0;0;0;0;0;0;0;1;0;1;1;0;0;1;0;;3;0;0;1;0;0;;1;0;1;0;0;0;0;1;coût de l'application ;3;3;2;;;;;;;;;;;;;;;;;;0;0;0;0;0;0;0;0;0;0;0;0;0;0;0;2024-11-22 07:35:05;1;2;1;0;0;1;1;0;0;0;0;0;3;1;1;1;0;0;0;0;0;1;0;0;0;0;0;0;0;1;1;1;1;0;1;1;0;1;2;2024-11-22 07:36:10;Annie Champagne, annie.champagne@ssss.gouv.qc.ca 450-473-2085 poste 48586;1;2
18;;2024-11-22 08:16:58;1;1;2;16;0;1;0;0;0;0;;0;0;0;0;0;1;1;0;1;1;1;0;0;5;1;2;2024-11-22 08:23:53;2;;;;2;;;;1;Apple;5;1;2;;;;2;;;;2;3;;;;0;0;1;0;0;0;0;1;0;0;0;0;0;0;0;0;0;0;0;0;0;0;0;0;0;1;;;;;0;0;1;0;0;0;0;0;0;0;0;0;0;0;0;0;0;0;0;0;0;0;0;0;0;;1;;;;;3;;;;;Je l'ai seulement utilisé en contexte individuel.;;2;0;0;0;0;0;0;0;1;;;;;3;;;;;3;;;;;8;;;;;12;;;;;;3;0;0;0;0;0;1;1;0;0;1;0;0;0;0;1;0;0;1;1;1;1;0;1;1;0;0;1;0;0;0;0;1;0;0;1;0;0;0;0;0;0;0;0;1;1;0;0;1;1;0;;3;0;0;1;0;0;;1;1;1;0;0;1;0;0;;2;3;2;;;;;;;;;;;;;;;;;;0;0;0;0;0;0;0;0;0;0;0;0;0;0;0;2024-11-22 08:25:46;2;1;0;0;0;0;0;1;1;1;1;0;3;1;1;1;1;1;1;1;1;1;0;1;0;0;1;0;0;1;1;1;0;1;0;0;0;2;2;2024-11-22 08:26:38;;1;2
19;;2024-11-22 09:48:29;1;3;5;13;0;0;0;0;1;0;;0;0;0;0;0;1;2;0;0;0;0;0;0;3;2;2;;;;;;;;;;;;;;;;;;;;;;;;;;;0;0;0;0;0;0;0;0;0;0;0;0;0;0;0;0;0;0;0;0;0;0;0;0;0;;;;;;0;0;0;0;0;0;0;0;0;0;0;0;0;0;0;0;0;0;0;0;0;0;0;0;0;;;;;;;;;;;;;;;0;0;0;0;0;0;0;;;;;;;;;;;;;;;;;;;;;;;;;;;;0;0;0;0;0;;;0;0;0;0;0;0;0;0;0;0;;0;0;0;0;;;0;0;0;0;0;0;0;0;0;0;;0;0;0;0;0;0;0;0;0;0;0;0;0;0;0;;;0;0;0;0;0;;;0;0;0;0;0;0;0;;;;0;2024-11-22 09:50:57;1;2;2;1;1;1;1;5;5;5;5;;;4;1;2;1;0;1;1;0;0;1;1;1;1;1;0;1;0;2;2024-11-22 09:52:44;3;2;0;0;0;0;0;0;0;0;0;0;4;1;1;1;1;1;1;1;1;0;0;0;0;0;0;1;0;1;0;1;1;1;0;1;0;1;2;2024-11-22 09:53:21;Marie-Helene Cloutier  mh_cloutier@hotmail.com;2;2
20;;2024-11-22 11:52:07;1;2;3;7;0;1;0;0;0;0;;0;0;0;0;0;1;1;0;0;1;0;0;0;4;1;2;2024-11-22 11:58:36;2;;;;2;;;;1;ipad;2;3;2;;;;2;;;;3;4;;;;0;0;1;0;0;0;0;1;0;0;0;0;0;0;0;0;0;0;0;0;0;0;0;0;0;1;2;;;;0;0;1;0;0;0;0;1;0;0;0;0;0;0;0;0;0;0;0;0;0;0;0;0;0;;1;;;;;3;;;;;je ne fais pas de contexte de groupes ;;1;0;1;0;0;0;0;0;2;;;;;3;;;;;3;;;;;9;;;;;14;;;;;;1;0;0;1;0;0;1;1;0;0;1;0;0;0;0;1;0;0;1;1;1;1;0;1;1;0;0;1;0;0;0;0;1;0;0;1;0;0;0;0;0;0;0;0;0;0;0;1;1;0;0;;2;0;0;1;0;0;;1;1;1;0;0;0;0;0;;2;2;2;;;;;;;;;;;;;;;;;;0;0;0;0;0;0;0;0;0;0;0;0;0;0;0;2024-11-22 12:00:48;2;2;0;0;0;0;0;0;0;0;0;0;2;0;1;1;0;0;1;0;1;1;0;1;0;0;0;0;0;0;0;1;0;1;0;1;0;1;2;2024-11-22 12:01:08;Eliane Dionne  eliane.dionne@gmail.com  819-598-9204;1;2
21;;2024-11-22 12:12:51;1;3;5;16;0;0;1;1;0;0;;0;1;1;0;0;1;1;0;0;1;0;0;0;2;1;2;2024-11-22 12:20:55;2;;;;2;;;;2;;;;2;;;;2;;;;3;3;3;3;3;0;0;1;0;0;0;0;1;0;0;0;0;1;0;0;0;0;1;0;0;0;0;1;0;0;1;2;3;;;0;0;1;0;0;0;0;1;0;0;0;0;1;0;0;0;0;0;0;0;0;0;0;0;0;;1;2;;;;3;;;;;;;3;0;0;0;0;0;0;0;2;;;;;3;;;;;3;;;;;8;;;;;14;;;;;;2;0;0;0;0;0;3;2;0;0;0;0;0;0;0;0;0;0;2;1;1;1;0;3;1;0;0;0;0;0;0;0;1;0;0;3;0;0;1;0;0;0;1;1;1;1;1;0;0;1;0;;2;0;0;1;0;0;;1;0;0;1;1;1;0;0;;2;3;2;;;;;;;;;;;;;;;;;;0;0;0;0;0;0;0;0;0;0;0;0;0;0;0;2024-11-22 12:22:59;1;2;1;1;1;1;1;0;0;0;0;0;3;0;0;1;1;0;1;1;1;1;0;0;0;0;0;0;0;0;0;0;1;0;1;1;0;1;2;2024-11-22 12:24:48;Annie-Claude Granger   Annie-Claude.granger.cisssmo16@ssss.gouv.qcca   5-4-567-1881;2;2
22;;2024-11-22 12:56:51;1;1;2;4;0;0;1;1;0;1;milieux de gardes (ex: cpe);0;0;1;0;0;1;1;0;1;1;0;0;0;4;1;2;2024-11-22 13:06:02;2;;;;1;youtube;7;2;1;youtube/application smartphone;4;2;2;;;;2;;;;2;3;;;;0;1;1;0;0;0;1;1;0;0;0;0;0;0;0;0;0;0;0;0;0;0;0;0;0;1;;;;;0;1;1;0;0;0;0;0;0;0;0;0;0;0;0;0;0;0;0;0;0;0;0;0;0;;1;1;;;;2;3;;;;non tenté en contexte de groupe.;;1;0;0;0;1;0;0;0;1;1;;;;2;3;;;;2;3;;;;12;12;;;;7;9;;;;;1;0;0;1;0;0;1;1;0;1;1;0;0;0;1;1;0;0;1;1;1;1;0;1;1;0;1;1;0;0;0;1;1;0;0;1;0;0;0;0;0;0;0;1;1;1;1;1;1;1;0;;2;0;0;0;0;0;;2;0;0;0;0;0;0;0;;3;2;2;;;;;;;;;;;;;;;;;;0;0;0;0;0;0;0;0;0;0;0;0;0;0;0;2024-11-22 13:08:20;3;2;0;0;0;0;0;0;0;0;0;0;3;1;1;1;1;1;1;0;1;1;0;1;1;1;1;0;0;1;0;1;1;1;1;1;0;1;2;2024-11-22 13:09:36;Nom : Camille Thibault  adresse email: camthibault@hotmail.com   ;2;2
23;;2024-11-22 17:01:51;1;3;2;15;0;0;1;0;0;0;;1;0;1;1;0;1;1;0;1;0;0;0;0;3;1;2;;;;;;;;;;;;;;;;;;;;;;;;;;;0;0;0;0;0;0;0;0;0;0;0;0;0;0;0;0;0;0;0;0;0;0;0;0;0;;;;;;0;0;0;0;0;0;0;0;0;0;0;0;0;0;0;0;0;0;0;0;0;0;0;0;0;;;;;;;;;;;;;;;0;0;0;0;0;0;0;;;;;;;;;;;;;;;;;;;;;;;;;;;;0;0;0;0;0;;;0;0;0;0;0;0;0;0;0;0;;0;0;0;0;;;0;0;0;0;0;0;0;0;0;0;;0;0;0;0;0;0;0;0;0;0;0;0;0;0;0;;;0;0;0;0;0;;;0;0;0;0;0;0;0;;;;0;;;;;;;;;;;;;;;;;;0;0;0;0;0;0;0;0;0;0;0;0;0;0;0;;;;0;0;0;0;0;0;0;0;0;0;;0;0;0;0;0;0;0;0;0;0;0;0;0;0;0;0;0;0;0;0;0;0;0;0;;0;;;;0
24;;2024-11-23 19:28:37;1;3;5;15;0;0;1;0;0;0;;0;0;1;0;0;0;1;0;1;1;0;0;0;3;1;2;2024-11-23 19:34:31;2;;;;2;;;;1;ipaf;3;;2;;;;2;;;;3;2;;;;0;0;1;0;0;0;0;1;0;0;0;0;0;0;0;0;0;0;0;0;0;0;0;0;0;2;1;3;;;0;0;1;0;0;0;0;1;0;0;0;0;1;0;0;0;0;0;0;0;0;0;0;0;0;;1;;;;;3;;;;;peu de groupe possible dans mon milieu;;2;0;0;0;0;0;0;0;1;;;;;3;;;;;3;;;;;8;;;;;14;;;;;;1;0;0;1;0;0;1;1;0;0;1;0;0;0;0;1;0;0;1;1;1;1;0;1;3;0;0;1;0;0;0;0;0;0;0;2;0;0;1;0;0;0;0;1;1;1;1;0;0;0;0;;1;0;0;1;0;0;;1;0;0;0;0;1;0;0;;3;3;2;;;;;;;;;;;;;;;;;;0;0;0;0;0;0;0;0;0;0;0;0;0;0;0;2024-11-23 19:36:20;3;3;0;0;0;0;0;0;0;0;0;0;3;0;1;0;0;0;1;0;1;1;1;1;0;0;1;0;0;0;0;1;0;1;0;1;0;1;2;2024-11-23 19:36:52;Laurence Chouinard  laurence.chouinard@gmail.com;1;2
25;;2024-11-24 22:13:40;1;3;5;16;0;0;1;0;0;0;;0;1;1;1;0;1;1;0;0;1;0;0;0;3;1;2;2024-11-24 22:21:00;2;;;;2;;;;1;Apple;3;2;2;;;;2;;;;2;3;;;;0;0;1;0;0;0;0;1;0;0;0;0;0;0;0;0;0;0;0;0;0;0;0;0;0;1;2;3;;;0;0;1;0;0;0;0;1;0;0;0;0;1;0;0;0;0;0;0;0;0;0;0;0;0;;1;;;;;3;;;;;;;1;1;1;0;1;0;0;0;1;;;;;3;;;;;3;;;;;7;;;;;8;;;;;;1;0;0;1;0;0;1;1;0;0;1;0;0;0;0;1;0;0;1;0;1;1;0;3;1;0;0;0;0;0;0;0;0;0;0;2;0;0;1;0;0;0;1;0;0;1;1;0;0;0;0;;3;0;0;1;0;0;;1;0;1;0;0;1;0;0;;2;3;2;;;;;;;;;;;;;;;;;;0;0;0;0;0;0;0;0;0;0;0;0;0;0;0;2024-11-24 22:23:20;3;2;0;0;0;0;0;0;0;0;0;0;1;0;1;1;0;1;1;0;0;1;0;0;0;0;0;0;0;0;0;0;1;0;0;1;0;1;2;2024-11-24 22:23:56;Marie-Andrée Thibodeau  mathibodo@hotmail.com;1;2
27;;2024-11-25 09:05:49;1;2;4;16;1;0;0;0;0;0;;0;0;0;0;0;1;2;0;0;0;0;0;0;2;2;2;;;;;;;;;;;;;;;;;;;;;;;;;;;0;0;0;0;0;0;0;0;0;0;0;0;0;0;0;0;0;0;0;0;0;0;0;0;0;;;;;;0;0;0;0;0;0;0;0;0;0;0;0;0;0;0;0;0;0;0;0;0;0;0;0;0;;;;;;;;;;;;;;;0;0;0;0;0;0;0;;;;;;;;;;;;;;;;;;;;;;;;;;;;0;0;0;0;0;;;0;0;0;0;0;0;0;0;0;0;;0;0;0;0;;;0;0;0;0;0;0;0;0;0;0;;0;0;0;0;0;0;0;0;0;0;0;0;0;0;0;;;0;0;0;0;0;;;0;0;0;0;0;0;0;;;;0;2024-11-25 09:08:20;1;2;1;1;1;2;1;5;5;5;3;1;;4;2;1;1;0;0;1;0;0;0;0;1;0;0;0;1;0;2;2024-11-25 09:10:48;1;2;1;0;0;1;1;0;0;0;0;0;3;1;1;0;0;0;0;1;1;1;1;1;0;1;1;0;0;1;0;1;1;1;1;1;0;1;2;2024-11-25 09:11:12;Audrey-Claude Benoit  audrey_claude_benoit@hotmail.com  819-293-7853;2;2
28;;2024-11-25 12:33:14;1;1;2;8;0;1;0;1;0;0;;0;0;0;0;0;1;1;0;0;1;0;0;0;4;1;2;2024-11-25 12:41:20;2;;;;2;;;;1;Apple;4;2;2;;;;2;;;;3;4;;;;0;0;1;0;0;0;0;1;0;0;0;0;0;0;0;0;0;0;0;0;0;0;0;0;0;1;;;;;0;0;1;0;0;0;0;0;0;0;0;0;0;0;0;0;0;0;0;0;0;0;0;0;0;;1;;;;;3;;;;;Individuelle, car avec les jeunes enfants il est difficile de gérer le partage d'une tablette. Aussi, si on a plusieurs tablettes (1 par enfant), il peu également être difficile de surveiller pour la bonne utilisation de ceux-ci en contexte de groupe.;;2;0;0;0;0;0;0;0;1;;;;;3;;;;;3;;;;;14;;;;;9;;;;;;2;0;0;0;0;0;1;1;0;0;1;0;0;0;0;1;0;0;1;1;1;0;0;1;1;0;0;1;0;0;0;0;1;0;0;1;0;0;0;0;0;1;0;0;0;0;0;0;0;0;0;;2;0;0;1;0;0;;1;0;1;0;0;0;0;0;;2;2;2;;;;;;;;;;;;;;;;;;0;0;0;0;0;0;0;0;0;0;0;0;0;0;0;2024-11-25 12:43:19;3;1;0;0;0;0;0;0;1;0;0;0;3;1;1;1;1;1;1;0;1;1;0;1;0;0;1;0;0;0;0;1;0;1;0;1;0;1;2;2024-11-25 12:44:03;Stacy Guarnaccia, sguarnaccia@centredefi.com, 819-527-4102.;1;2
29;;2024-11-25 12:47:25;1;3;5;12;0;0;1;0;0;0;;0;0;0;0;0;1;1;0;0;1;0;0;0;2;1;2;2024-11-25 13:02:51;2;;;;2;;;;2;;;;2;;;;2;;;;2;;;;;0;0;1;0;0;0;0;0;0;0;0;0;0;0;0;0;0;0;0;0;0;0;0;0;0;1;;;;;0;0;1;0;0;0;0;0;0;0;0;0;0;0;0;0;0;0;0;0;0;0;0;0;0;;1;;;;;3;;;;;Non-applicable à ce jour en contexte de groupe;;1;0;1;0;0;0;0;0;1;;;;;3;;;;;3;;;;;12;;;;;;;;;;;3;0;0;0;0;0;1;1;0;0;1;0;0;0;0;1;0;0;1;1;1;1;0;1;1;0;0;1;0;0;0;0;1;0;0;1;0;0;0;0;0;0;0;0;1;1;0;0;0;1;0;;3;0;0;1;0;0;;2;0;0;0;0;0;0;0;;3;2;2;;;;;;;;;;;;;;;;;;0;0;0;0;0;0;0;0;0;0;0;0;0;0;0;2024-11-25 13:05:24;2;1;0;0;0;0;0;0;0;1;0;0;4;0;1;1;0;0;1;0;1;1;1;1;1;0;1;0;0;1;1;1;1;0;1;1;0;1;2;2024-11-25 13:06:11;Luce Lessard   luce.lessard.csssbeauce@ssss.gouv.qc.ca  418-222-1067;2;2
30;;2024-11-25 13:57:32;1;3;5;4;0;0;1;0;0;0;;0;1;0;0;0;0;1;0;0;1;0;0;0;3;1;2;2024-11-25 14:03:59;2;;;;2;;;;1;Ipad;5;2;2;;;;2;;;;2;3;;;;0;0;1;0;0;0;0;1;0;0;0;0;0;0;0;0;0;0;0;0;0;0;0;0;0;1;;;;;0;0;1;0;0;0;0;0;0;0;0;0;0;0;0;0;0;0;0;0;0;0;0;0;0;;1;;;;;3;;;;;Je ne saurais pas comment les intégrer en groupe.;;2;0;0;0;0;0;0;0;1;;;;;3;;;;;3;;;;;14;;;;;7;;;;;;2;0;0;0;0;0;3;2;0;0;0;0;0;0;0;0;0;0;1;0;0;0;0;2;2;0;0;0;0;0;0;0;0;0;0;3;0;0;1;0;0;0;0;1;1;1;0;0;0;1;0;;2;0;0;0;0;0;;2;0;0;0;0;0;0;0;;2;3;2;;;;;;;;;;;;;;;;;;0;0;0;0;0;0;0;0;0;0;0;0;0;0;0;2024-11-25 14:06:04;3;3;0;0;0;0;0;0;0;0;0;0;3;1;1;0;0;0;1;1;0;0;0;0;1;0;0;0;0;1;0;0;1;1;1;0;0;1;2;2024-11-25 14:06:44;Lyne Bernatchez  lynebernatchez@hotmail.com;2;2
31;;2024-11-25 16:09:27;1;3;5;6;1;0;0;0;0;0;;0;0;0;0;0;1;1;0;1;1;0;0;0;3;2;2;;;;;;;;;;;;;;;;;;;;;;;;;;;0;0;0;0;0;0;0;0;0;0;0;0;0;0;0;0;0;0;0;0;0;0;0;0;0;;;;;;0;0;0;0;0;0;0;0;0;0;0;0;0;0;0;0;0;0;0;0;0;0;0;0;0;;;;;;;;;;;;;;;0;0;0;0;0;0;0;;;;;;;;;;;;;;;;;;;;;;;;;;;;0;0;0;0;0;;;0;0;0;0;0;0;0;0;0;0;;0;0;0;0;;;0;0;0;0;0;0;0;0;0;0;;0;0;0;0;0;0;0;0;0;0;0;0;0;0;0;;;0;0;0;0;0;;;0;0;0;0;0;0;0;;;;0;2024-11-25 16:11:58;1;2;2;1;1;2;1;5;3;3;4;;;2;3;2;0;0;0;0;0;0;0;0;1;0;0;0;0;0;2;2024-11-25 16:14:29;1;1;1;0;0;1;1;1;1;1;1;1;3;1;1;1;1;1;1;1;1;1;0;0;0;0;0;0;0;0;0;0;1;0;0;0;0;1;2;2024-11-25 16:15:02;;;2
32;;2024-11-25 18:45:24;1;2;2;16;0;1;0;0;0;0;;0;1;0;0;0;1;1;0;1;1;0;0;0;4;1;2;2024-11-25 19:11:08;2;;;;2;;;;1;N/A;2;2;2;;;;2;;;;2;3;;;;0;0;1;0;0;0;0;1;0;0;0;0;0;0;0;0;0;0;0;0;0;0;0;0;0;1;3;;;;0;0;1;0;0;0;0;1;0;0;0;0;0;0;0;0;0;0;0;0;0;0;0;0;0;;3;;;;;3;;;;;Cela m'est indifférenr.;;2;0;0;0;0;0;0;0;1;;;;;3;;;;;3;;;;;12;;;;;10;;;;;;1;0;0;1;0;0;1;1;0;0;1;0;0;0;0;1;0;0;1;1;1;1;0;1;2;0;0;1;0;0;0;0;0;0;0;1;0;0;0;0;0;1;0;0;0;0;0;0;0;0;0;;3;0;0;1;0;0;;3;0;0;0;0;0;0;0;;3;3;2;;;;;;;;;;;;;;;;;;0;0;0;0;0;0;0;0;0;0;0;0;0;0;0;2024-11-25 19:15:50;1;1;1;0;0;1;1;0;0;1;0;0;3;0;1;1;1;1;1;1;1;1;1;1;0;0;1;0;0;1;0;1;1;1;0;1;0;1;2;2024-11-25 19:16:44;Audrey Malo-Russo  a.m.russo@edme.org;2;2
34;;2024-11-27 10:22:25;2;;;;0;0;0;0;0;0;;0;0;0;0;0;0;;0;0;0;0;0;0;;;2;;;;;;;;;;;;;;;;;;;;;;;;;;;0;0;0;0;0;0;0;0;0;0;0;0;0;0;0;0;0;0;0;0;0;0;0;0;0;;;;;;0;0;0;0;0;0;0;0;0;0;0;0;0;0;0;0;0;0;0;0;0;0;0;0;0;;;;;;;;;;;;;;;0;0;0;0;0;0;0;;;;;;;;;;;;;;;;;;;;;;;;;;;;0;0;0;0;0;;;0;0;0;0;0;0;0;0;0;0;;0;0;0;0;;;0;0;0;0;0;0;0;0;0;0;;0;0;0;0;0;0;0;0;0;0;0;0;0;0;0;;;0;0;0;0;0;;;0;0;0;0;0;0;0;;;;0;;;;;;;;;;;;;;;;;;0;0;0;0;0;0;0;0;0;0;0;0;0;0;0;;;;0;0;0;0;0;0;0;0;0;0;;0;0;0;0;0;0;0;0;0;0;0;0;0;0;0;0;0;0;0;0;0;0;0;0;;0;;;;0
35;;2024-11-27 10:22:56;1;2;2;3;0;0;0;0;1;0;;0;0;1;0;0;0;2;0;0;0;0;0;0;2;2;2;;;;;;;;;;;;;;;;;;;;;;;;;;;0;0;0;0;0;0;0;0;0;0;0;0;0;0;0;0;0;0;0;0;0;0;0;0;0;;;;;;0;0;0;0;0;0;0;0;0;0;0;0;0;0;0;0;0;0;0;0;0;0;0;0;0;;;;;;;;;;;;;;;0;0;0;0;0;0;0;;;;;;;;;;;;;;;;;;;;;;;;;;;;0;0;0;0;0;;;0;0;0;0;0;0;0;0;0;0;;0;0;0;0;;;0;0;0;0;0;0;0;0;0;0;;0;0;0;0;0;0;0;0;0;0;0;0;0;0;0;;;0;0;0;0;0;;;0;0;0;0;0;0;0;;;;0;2024-11-27 10:23:26;;;;;;;;;;;;;;;;;0;0;0;0;0;0;0;0;0;0;0;0;0;0;2;;;;0;0;0;0;0;0;0;0;0;0;;0;0;0;0;0;0;0;0;0;0;0;0;0;0;0;0;0;0;0;0;0;0;0;0;;0;;;;0
36;;2024-11-27 14:40:07;1;3;5;14;0;0;1;0;0;0;;0;0;1;0;0;1;1;0;1;1;0;0;0;3;2;2;;;;;;;;;;;;;;;;;;;;;;;;;;;0;0;0;0;0;0;0;0;0;0;0;0;0;0;0;0;0;0;0;0;0;0;0;0;0;;;;;;0;0;0;0;0;0;0;0;0;0;0;0;0;0;0;0;0;0;0;0;0;0;0;0;0;;;;;;;;;;;;;;;0;0;0;0;0;0;0;;;;;;;;;;;;;;;;;;;;;;;;;;;;0;0;0;0;0;;;0;0;0;0;0;0;0;0;0;0;;0;0;0;0;;;0;0;0;0;0;0;0;0;0;0;;0;0;0;0;0;0;0;0;0;0;0;0;0;0;0;;;0;0;0;0;0;;;0;0;0;0;0;0;0;;;;0;2024-11-27 14:41:40;1;2;3;1;1;3;2;4;5;5;3;;;2;3;1;0;0;0;0;0;1;0;0;1;0;0;0;1;0;2;2024-11-27 14:42:58;1;2;1;0;0;1;1;0;0;0;0;0;3;0;1;1;0;1;0;1;1;1;1;0;1;0;1;0;0;0;0;0;1;0;1;1;0;1;2;2024-11-27 14:43:32;Geneviève Foucreault, ergothérapeute   genevieve.foucreault@ssss.gouv.qc.ca   450-964-7749x236;1;2
37;;2024-11-27 15:25:52;1;1;2;9;1;0;0;1;0;1;CLSC;0;0;0;0;0;1;1;0;0;1;0;0;0;4;1;2;2024-11-27 15:33:48;2;;;;2;;;;1;J'écris;5;2;2;;;;2;;;;3;;;;;0;0;1;0;0;0;0;0;0;0;0;0;0;0;0;0;0;0;0;0;0;0;0;0;0;1;;;;;0;0;1;0;0;0;0;0;0;0;0;0;0;0;0;0;0;0;0;0;0;0;0;0;0;;1;;;;;3;;;;;;;2;0;0;0;0;0;0;0;1;;;;;3;;;;;3;;;;;8;;;;;12;;;;;;1;0;0;1;0;0;3;3;0;0;0;0;0;0;0;0;0;0;1;1;1;1;0;3;3;0;0;0;0;0;0;0;0;0;0;1;0;0;0;0;0;0;1;0;1;1;0;0;0;0;0;;3;0;0;1;0;0;;1;0;1;0;0;1;0;0;;;;2;;;;;;;;;;;;;;;;;;0;0;0;0;0;0;0;0;0;0;0;0;0;0;0;2024-11-27 15:36:37;1;2;1;1;1;1;1;0;0;0;0;0;3;0;1;0;0;1;1;0;0;1;0;0;0;0;0;0;0;0;0;1;1;0;1;1;0;1;2;2024-11-27 15:37:14;Pascale René  pascale.rene.09cisss@ssss.gouv.qc.ca  514-994-7987;1;2
38;;2024-11-27 17:49:38;1;4;5;5;0;0;1;0;0;0;;1;0;1;1;1;1;1;0;1;1;0;0;0;5;1;2;2024-11-27 17:56:03;2;;;;2;;;;1;apple;2;3;2;;;;2;;;;2;3;4;;;0;0;1;0;0;0;0;1;0;0;0;0;1;0;0;0;0;0;0;0;0;0;0;0;0;3;;;;;0;0;1;0;0;0;0;0;0;0;0;0;0;0;0;0;0;0;0;0;0;0;0;0;0;;1;;;;;3;;;;;individuelle... je ne fais pas de groupe actuellement;;1;1;1;0;1;0;0;0;2;;;;;3;;;;;3;;;;;7;;;;;14;;;;;;1;0;0;1;0;0;1;1;0;0;1;0;0;0;0;1;0;0;1;0;0;0;0;1;1;0;0;1;0;0;0;0;1;0;0;1;0;0;0;0;0;1;0;0;0;0;0;0;0;0;0;;3;0;0;1;0;0;;1;0;1;0;1;0;0;1;coût parfois élevé;3;2;2;;;;;;;;;;;;;;;;;;0;0;0;0;0;0;0;0;0;0;0;0;0;0;0;2024-11-27 17:57:44;2;1;0;0;0;0;0;0;1;1;0;0;1;0;1;1;0;1;1;1;0;1;0;0;1;0;1;0;0;0;0;0;1;0;1;0;0;1;2;2024-11-27 17:58:18;martine Normandeau  martine.normandeau.ciussse-chus@ssss.gouv.qc.ca;1;2
39;;2024-11-28 09:44:38;1;2;3;3;0;0;1;0;0;0;;0;1;0;0;0;1;1;0;1;1;0;0;0;3;1;2;2024-11-28 09:52:48;2;;;;2;;;;2;;;;2;;;;2;;;;2;3;;;;0;0;1;0;0;0;0;1;0;0;0;0;0;0;0;0;0;0;0;0;0;0;0;0;0;1;;;;;0;0;1;0;0;0;0;0;0;0;0;0;0;0;0;0;0;0;0;0;0;0;0;0;0;;1;;;;;3;;;;;;;2;0;0;0;0;0;0;0;1;;;;;3;;;;;3;;;;;12;;;;;14;;;;;;2;0;0;0;0;0;3;1;0;0;0;0;0;0;0;0;1;0;1;0;1;0;0;3;1;0;0;0;0;0;0;0;1;0;0;2;0;0;1;0;0;0;1;1;1;1;1;0;0;0;0;;2;0;0;1;0;0;;1;0;1;0;0;0;0;0;;2;2;2;;;;;;;;;;;;;;;;;;0;0;0;0;0;0;0;0;0;0;0;0;0;0;0;2024-11-28 09:55:26;1;2;1;1;1;1;1;0;0;0;0;0;3;1;1;1;1;1;1;1;1;1;0;1;0;0;0;0;0;1;0;1;1;1;1;1;0;1;2;2024-11-28 09:56:39;Sandrine Léger  Sandrine.leger3@gmail.com;1;2
41;;2024-11-28 14:46:24;1;3;5;8;0;0;1;0;0;0;;1;1;1;1;1;1;1;0;0;1;0;0;0;3;1;2;2024-11-28 15:18:08;2;;;;2;;;;1;"J'écris en script/cursif; et communication";2;2;2;;;;2;;;;3;;;;;0;0;1;0;0;0;0;0;0;0;0;0;0;0;0;0;0;0;0;0;0;0;0;0;0;1;2;;;;0;0;1;0;0;0;0;1;0;0;0;0;0;0;0;0;0;0;0;0;0;0;0;0;0;;1;;;;;3;;;;;Nous sommes en milieu rural et nous avons une clientèle très hétérogène, peu de possibilité de groupe. L'utilisation que nous avons fait est très spécialisée/individuelle.;;1;0;1;0;1;0;0;0;3;;;;;3;;;;;3;3;;;;14;12;;;;;;;;;;1;0;0;1;0;0;1;3;0;0;1;0;0;0;0;0;0;0;1;1;0;1;0;1;1;0;0;1;0;0;0;0;1;0;0;3;0;0;1;0;0;0;0;1;1;1;1;0;0;1;0;;3;0;0;1;0;0;;1;0;1;0;1;1;1;0;;2;2;2;;;;;;;;;;;;;;;;;;0;0;0;0;0;0;0;0;0;0;0;0;0;0;0;2024-11-28 15:21:15;3;3;0;0;0;0;0;0;0;0;0;0;3;1;1;1;1;1;1;0;0;0;0;0;1;0;0;0;0;0;0;0;1;0;1;1;0;1;2;2024-11-28 15:21:55;Caroline Labonté  caroline_labonte@ssss.gouv.qc.ca  819-290-4629;1;2
42;;2024-11-28 15:44:09;1;3;5;16;0;0;1;0;0;0;;1;1;1;0;0;1;1;1;1;1;1;0;0;4;1;2;2024-11-28 15:53:08;2;;;;2;;;;2;;;;2;;;;2;;;;3;;;;;1;1;0;0;0;0;0;0;0;0;0;0;0;0;0;0;0;0;0;0;0;0;0;0;0;2;1;3;;;1;1;1;0;0;0;1;1;0;0;0;1;1;0;0;0;0;0;0;0;0;0;0;0;0;;1;1;1;;;1;2;3;;;je ne fais jamais de groupe;;1;1;0;0;0;0;0;0;1;1;1;;;1;2;3;;;1;2;3;;;6;2;12;;;12;7;14;;;;1;0;1;0;0;0;1;1;1;1;1;0;0;1;1;1;0;0;1;0;1;1;0;1;1;1;1;1;0;0;1;0;0;0;0;2;1;0;0;0;0;0;1;0;1;1;0;0;0;0;0;;3;1;1;1;0;0;;2;0;0;0;0;0;0;0;;3;2;2;;;;;;;;;;;;;;;;;;0;0;0;0;0;0;0;0;0;0;0;0;0;0;0;2024-11-28 15:54:54;2;3;0;0;0;0;0;0;0;0;0;0;1;1;0;1;0;0;0;1;0;1;0;1;0;0;1;0;0;0;0;1;1;1;1;1;0;1;2;2024-11-28 15:55:24;veronique Roy-Beaudry  veronique.roy-beaudry.cisssmo16@ssss.gouv.qc.ca;1;2
43;;2024-12-02 15:37:10;1;3;5;15;0;0;1;0;0;0;;0;0;1;1;1;0;1;0;1;1;0;0;0;4;1;2;2024-12-02 15:57:24;2;;;;2;;;;2;;;;2;;;;2;;;;3;4;;;;0;1;1;0;0;0;1;1;0;0;0;0;0;0;0;0;0;0;0;0;0;0;0;0;0;2;3;;;;0;1;1;0;0;0;1;1;0;0;0;0;0;0;0;0;0;0;0;0;0;0;0;0;0;;3;3;;;;2;3;;;;Dans les deux contextes, je trouve ça pertinent car l'enfant est généralement très engagé dans ce type d'activité. ;;1;1;0;0;0;0;0;0;2;3;;;;2;3;;;;2;3;;;;6;14;;;;7;8;;;;;1;0;0;1;0;0;1;1;0;0;1;0;0;0;1;1;0;0;1;1;1;1;0;1;1;0;1;1;0;0;0;1;1;0;0;1;0;0;0;0;0;0;0;1;1;1;0;0;0;1;0;;3;1;1;1;1;1;;1;0;1;0;1;0;0;0;;3;2;2;;;;;;;;;;;;;;;;;;0;0;0;0;0;0;0;0;0;0;0;0;0;0;0;2024-12-02 16:01:17;1;3;1;0;0;0;1;0;0;0;0;0;3;0;1;0;1;1;0;0;0;1;0;1;0;0;0;0;0;0;0;0;1;0;0;1;0;1;2;2024-12-02 16:01:58;Annie Martel   annie.martel@ssss.gouv.qc.ca   438-871-1240;1;2
44;;2024-12-17 23:41:04;1;2;2;6;0;0;0;1;0;0;;0;1;0;0;0;1;2;0;0;0;0;0;0;2;2;2;;;;;;;;;;;;;;;;;;;;;;;;;;;0;0;0;0;0;0;0;0;0;0;0;0;0;0;0;0;0;0;0;0;0;0;0;0;0;;;;;;0;0;0;0;0;0;0;0;0;0;0;0;0;0;0;0;0;0;0;0;0;0;0;0;0;;;;;;;;;;;;;;;0;0;0;0;0;0;0;;;;;;;;;;;;;;;;;;;;;;;;;;;;0;0;0;0;0;;;0;0;0;0;0;0;0;0;0;0;;0;0;0;0;;;0;0;0;0;0;0;0;0;0;0;;0;0;0;0;0;0;0;0;0;0;0;0;0;0;0;;;0;0;0;0;0;;;0;0;0;0;0;0;0;;;;0;2024-12-17 23:44:37;1;1;3;1;1;3;3;4;4;2;2;3;;2;3;1;0;0;0;0;0;0;0;0;1;0;0;1;1;0;2;2024-12-17 23:47:14;1;3;1;1;1;1;1;0;0;0;0;0;3;1;1;1;1;1;1;1;1;1;0;1;1;0;0;0;0;0;0;0;1;0;0;1;0;1;2;2024-12-17 23:48:27;Reem Hussein, reemhussein@hotmail.com.;1;2
45;;2024-12-20 13:45:34;1;3;4;6;0;0;1;0;0;0;;0;0;0;1;0;0;1;1;1;1;1;1;0;4;1;2;2024-12-20 13:55:02;2;;;;1;Nintendo Switch;4;2;1;Android et Ipad;3;3;1;Arméo Senso;4;2;1;Arméo Ped;4;2;4;3;;;;0;1;1;1;1;0;1;1;1;0;0;0;0;0;0;0;0;0;0;0;0;0;0;0;0;2;;;;;0;1;1;1;1;0;0;0;0;0;0;0;0;0;0;0;0;0;0;0;0;0;0;0;0;;1;1;1;1;;2;3;4;5;;Je n'ai connu qu'en mode individuel... mais je pourrais voir le potentiel de l'utiliser en groupe.;;2;0;0;0;0;0;0;0;4;3;5;5;;2;4;3;5;;2;1;3;4;5;5;15;14;5;5;1;;8;12;6;;1;0;1;0;0;0;1;1;0;1;1;1;1;0;1;1;0;0;1;1;1;1;0;1;1;0;1;0;0;1;0;1;0;0;1;2;1;1;0;0;0;0;1;0;1;0;0;0;0;0;0;;2;0;0;0;0;0;;1;0;1;1;0;1;0;0;;2;3;2;;;;;;;;;;;;;;;;;;0;0;0;0;0;0;0;0;0;0;0;0;0;0;0;2024-12-20 13:59:09;1;1;1;0;0;1;1;1;1;1;0;0;1;0;1;0;1;1;1;1;0;1;0;1;1;0;0;0;0;0;0;1;0;1;0;1;0;1;2;2024-12-20 13:59:46;Catherine Desautels  catherine.desautels.hsj@ssss.gouv.qc.ca  514-374-1710 poste 8306;1;2
46;;2024-12-20 13:46:57;1;4;4;6;0;0;1;0;0;0;;1;0;1;1;1;1;1;0;0;1;1;0;0;3;1;2;;;;;;;;;;;;;;;;;;;;;;;;;;;0;0;0;0;0;0;0;0;0;0;0;0;0;0;0;0;0;0;0;0;0;0;0;0;0;;;;;;0;0;0;0;0;0;0;0;0;0;0;0;0;0;0;0;0;0;0;0;0;0;0;0;0;;;;;;;;;;;;;;;0;0;0;0;0;0;0;;;;;;;;;;;;;;;;;;;;;;;;;;;;0;0;0;0;0;;;0;0;0;0;0;0;0;0;0;0;;0;0;0;0;;;0;0;0;0;0;0;0;0;0;0;;0;0;0;0;0;0;0;0;0;0;0;0;0;0;0;;;0;0;0;0;0;;;0;0;0;0;0;0;0;;;;0;;;;;;;;;;;;;;;;;;0;0;0;0;0;0;0;0;0;0;0;0;0;0;0;;;;0;0;0;0;0;0;0;0;0;0;;0;0;0;0;0;0;0;0;0;0;0;0;0;0;0;0;0;0;0;0;0;0;0;0;;0;;;;0
47;;2024-12-20 13:56:55;1;1;2;6;0;0;1;1;0;0;;0;0;1;1;0;0;1;1;1;1;1;1;0;4;1;2;2024-12-20 14:06:31;2;;;;2;;;;2;;;;2;;;;2;;;;4;;;;;0;1;1;0;1;0;0;0;0;0;0;0;0;0;0;0;0;0;0;0;0;0;0;0;0;2;3;;;;0;1;1;0;1;0;1;1;0;1;0;0;0;0;0;0;0;0;0;0;0;0;0;0;0;;3;1;1;;;2;3;5;;;En individuel plus pertinent et spécifique, mais bonne émulsion de groupe quand utilisation d'un jeu vidéo compétitif;;1;1;1;0;1;0;0;0;3;2;2;;;2;3;5;;;1;2;3;4;5;15;5;14;15;12;15;12;9;15;5;;1;0;1;1;0;1;1;1;1;1;1;1;1;0;1;0;0;0;1;1;1;1;0;1;1;0;1;1;0;1;0;1;1;0;1;3;1;0;0;1;0;0;1;0;1;1;1;1;0;1;0;;3;1;1;1;1;1;;1;0;1;1;1;1;0;0;;2;3;2;;;;;;;;;;;;;;;;;;0;0;0;0;0;0;0;0;0;0;0;0;0;0;0;2024-12-20 14:09:04;1;1;1;0;0;1;1;1;1;1;0;1;3;0;1;1;1;1;1;0;1;1;0;0;1;0;1;0;0;1;1;1;1;0;1;1;0;1;2;2024-12-20 14:09:42;Sara, Kissel, sara.kissel.hsj@ssss.gouv.qc.ca, 5146136838;1;2
48;;2024-12-20 14:00:15;1;2;4;6;0;0;1;0;0;0;;1;1;1;1;1;1;1;0;0;1;1;0;0;5;1;2;;;;;;;;;;;;;;;;;;;;;;;;;;;0;0;0;0;0;0;0;0;0;0;0;0;0;0;0;0;0;0;0;0;0;0;0;0;0;;;;;;0;0;0;0;0;0;0;0;0;0;0;0;0;0;0;0;0;0;0;0;0;0;0;0;0;;;;;;;;;;;;;;;0;0;0;0;0;0;0;;;;;;;;;;;;;;;;;;;;;;;;;;;;0;0;0;0;0;;;0;0;0;0;0;0;0;0;0;0;;0;0;0;0;;;0;0;0;0;0;0;0;0;0;0;;0;0;0;0;0;0;0;0;0;0;0;0;0;0;0;;;0;0;0;0;0;;;0;0;0;0;0;0;0;;;;0;;;;;;;;;;;;;;;;;;0;0;0;0;0;0;0;0;0;0;0;0;0;0;0;;;;0;0;0;0;0;0;0;0;0;0;;0;0;0;0;0;0;0;0;0;0;0;0;0;0;0;0;0;0;0;0;0;0;0;0;;0;;;;0
49;;2024-12-20 14:05:10;1;1;1;6;0;0;1;0;0;0;;0;0;1;1;0;1;1;0;1;1;1;0;0;3;1;2;2024-12-20 14:14:01;2;;;;1;Nitendo, OSMO, PS$ adapté;3;2;1;Helkidslearn;1;3;1;Armeo;5;2;2;;;;3;4;;;;0;1;1;1;0;0;1;0;0;0;0;0;0;0;0;0;0;0;0;0;0;0;0;0;0;3;2;1;;;0;0;1;0;0;0;1;1;1;0;0;1;1;1;0;0;0;0;0;0;0;0;0;0;0;;1;1;1;;;2;3;4;;;J'aime mieux les utiliser en individuel. Toutefois, je vois la plus value de l'utiliser en groupe. ;;1;1;1;0;1;0;0;0;5;3;3;;;3;2;4;;;3;2;4;;;9;6;6;;;14;13;13;;;;1;0;1;1;0;0;1;1;1;1;1;1;1;0;0;1;0;0;1;0;1;1;0;1;1;0;1;1;1;1;1;1;1;1;1;3;1;1;1;1;1;0;1;0;0;1;0;0;0;0;0;;3;1;1;1;1;1;;1;0;1;1;0;0;0;0;;3;2;2;;;;;;;;;;;;;;;;;;0;0;0;0;0;0;0;0;0;0;0;0;0;0;0;2024-12-20 14:15:28;1;1;1;1;1;1;1;1;1;1;1;0;1;1;1;0;1;1;0;1;0;1;0;0;0;0;0;0;0;0;0;1;1;0;0;1;0;1;2;2024-12-20 14:15:58;Aude Verreault, aude.verreault.hsj@ssss.gouv.qc.ca;1;2
50;;2024-12-20 14:07:16;1;4;5;6;0;0;1;0;0;0;;0;0;1;0;0;0;1;1;1;1;0;1;0;3;1;2;2024-12-20 14:19:19;2;;;;1;N/A;4;2;1;N/A;3;2;2;;;;2;;;;2;3;;;;0;0;1;0;0;0;1;0;0;0;0;0;0;0;0;0;0;0;0;0;0;0;0;0;0;3;;;;;0;1;1;0;0;0;0;0;0;0;0;0;0;0;0;0;0;0;0;0;0;0;0;0;0;;1;1;;;;2;3;;;;Pas d'opinion;;2;0;0;0;0;0;0;0;2;3;;;;3;2;;;;2;3;;;;6;8;;;;7;9;;;;;1;0;0;1;0;0;1;3;0;0;1;0;0;0;0;0;0;0;2;1;1;0;0;3;3;0;0;0;0;0;0;0;0;0;0;3;0;1;0;0;0;0;1;0;0;0;0;0;0;0;1;Difficulté à cibler des mouvements spécifiques;3;1;1;1;0;1;;2;0;0;0;0;0;0;0;;2;3;2;;;;;;;;;;;;;;;;;;0;0;0;0;0;0;0;0;0;0;0;0;0;0;0;2024-12-20 14:22:00;1;1;1;1;0;1;1;1;1;1;1;1;2;0;0;1;0;0;0;0;0;1;0;0;0;0;1;0;0;0;1;0;1;0;1;1;0;1;2;2024-12-20 14:22:33;Annick Bouliane  annick.boulianne.hsj@ssss.gouv.qc.ca;1;2
51;;2024-12-20 15:40:14;1;1;2;6;1;0;0;0;0;0;;0;0;1;0;0;1;2;0;0;0;0;0;0;3;2;2;;;;;;;;;;;;;;;;;;;;;;;;;;;0;0;0;0;0;0;0;0;0;0;0;0;0;0;0;0;0;0;0;0;0;0;0;0;0;;;;;;0;0;0;0;0;0;0;0;0;0;0;0;0;0;0;0;0;0;0;0;0;0;0;0;0;;;;;;;;;;;;;;;0;0;0;0;0;0;0;;;;;;;;;;;;;;;;;;;;;;;;;;;;0;0;0;0;0;;;0;0;0;0;0;0;0;0;0;0;;0;0;0;0;;;0;0;0;0;0;0;0;0;0;0;;0;0;0;0;0;0;0;0;0;0;0;0;0;0;0;;;0;0;0;0;0;;;0;0;0;0;0;0;0;;;;0;2024-12-20 15:41:55;1;2;2;1;1;2;1;4;4;3;3;2;;4;2;1;1;1;1;1;0;0;1;0;1;0;0;0;0;0;2;2024-12-20 15:43:50;1;3;1;1;1;1;1;0;0;0;0;0;3;1;1;1;1;1;1;1;1;1;0;1;0;0;0;0;0;1;0;1;1;0;0;1;0;1;2;2024-12-20 15:44:29;Justine Pelletier  justine.pelletier.hsj@ssss.gouv.qc.ca  438-763-1498;2;2
52;;2024-12-22 11:59:16;1;1;2;16;0;0;0;0;0;1;CLSC Agir tôt ;0;0;0;0;0;1;2;0;0;0;0;0;0;3;2;2;;;;;;;;;;;;;;;;;;;;;;;;;;;0;0;0;0;0;0;0;0;0;0;0;0;0;0;0;0;0;0;0;0;0;0;0;0;0;;;;;;0;0;0;0;0;0;0;0;0;0;0;0;0;0;0;0;0;0;0;0;0;0;0;0;0;;;;;;;;;;;;;;;0;0;0;0;0;0;0;;;;;;;;;;;;;;;;;;;;;;;;;;;;0;0;0;0;0;;;0;0;0;0;0;0;0;0;0;0;;0;0;0;0;;;0;0;0;0;0;0;0;0;0;0;;0;0;0;0;0;0;0;0;0;0;0;0;0;0;0;;;0;0;0;0;0;;;0;0;0;0;0;0;0;;;;0;2024-12-22 12:02:16;1;1;1;1;1;3;3;3;3;4;3;1;;2;3;1;0;0;1;1;0;0;1;0;1;1;1;0;0;0;2;2024-12-22 12:05:17;3;3;0;0;0;0;0;0;0;0;0;0;3;0;1;1;0;1;1;1;0;1;1;0;1;0;1;0;0;1;0;1;1;1;0;1;0;1;2;2024-12-22 12:07:02;Valérie Pilon  valerie.pilon.2@hotmail.com  514-216-3680;1;2
53;;2024-12-22 12:52:41;1;1;2;6;0;0;0;0;0;1;CLSC;0;0;0;0;0;1;2;0;0;0;0;0;0;3;2;2;;;;;;;;;;;;;;;;;;;;;;;;;;;0;0;0;0;0;0;0;0;0;0;0;0;0;0;0;0;0;0;0;0;0;0;0;0;0;;;;;;0;0;0;0;0;0;0;0;0;0;0;0;0;0;0;0;0;0;0;0;0;0;0;0;0;;;;;;;;;;;;;;;0;0;0;0;0;0;0;;;;;;;;;;;;;;;;;;;;;;;;;;;;0;0;0;0;0;;;0;0;0;0;0;0;0;0;0;0;;0;0;0;0;;;0;0;0;0;0;0;0;0;0;0;;0;0;0;0;0;0;0;0;0;0;0;0;0;0;0;;;0;0;0;0;0;;;0;0;0;0;0;0;0;;;;0;2024-12-22 12:55:00;1;1;3;2;2;3;3;4;5;4;3;3;;2;3;1;0;0;0;1;0;1;0;0;1;0;0;0;1;0;2;2024-12-22 12:56:34;1;3;1;1;0;0;1;0;0;0;0;0;3;1;1;0;0;1;1;1;0;0;1;1;0;0;1;0;0;1;0;0;1;0;0;1;0;1;2;2024-12-22 12:57:13;Laurence Fortin-Haines, laurence.fh@hotmail.com;1;2
54;;2024-12-23 08:34:24;1;1;2;6;0;0;1;0;0;0;;0;0;0;0;1;0;1;1;1;1;0;1;0;4;1;2;2024-12-23 08:42:15;1;Oculus;3;2;1;Xbox, Switch, OSMO, Ordinateur;2;2;1;Ipad;4;3;2;;;;1;ARMEO;3;2;3;4;;;;0;1;1;0;1;1;1;0;0;1;0;0;0;0;0;0;0;0;0;0;0;0;0;0;0;3;2;;;;1;1;0;0;1;1;1;0;0;1;0;0;0;0;0;0;0;0;0;0;0;0;0;0;0;;1;1;1;1;;1;2;3;5;;Individuelle en raison des modalités d'intervention plus faciles;;1;1;0;0;1;0;0;0;1;4;2;4;;3;1;2;5;;5;;;;;6;;;;;5;;;;;;1;0;1;0;0;0;1;1;1;1;1;0;1;0;1;1;0;0;1;1;1;1;0;1;3;1;1;0;0;1;0;0;0;0;0;2;1;1;1;0;0;0;0;0;0;1;0;0;0;0;0;;3;1;1;1;0;1;;2;0;0;0;0;0;0;0;;3;3;2;;;;;;;;;;;;;;;;;;0;0;0;0;0;0;0;0;0;0;0;0;0;0;0;2024-12-23 08:43:42;1;1;1;1;1;0;1;1;1;1;0;0;1;1;0;0;0;0;0;1;0;1;0;0;1;0;0;0;0;0;0;0;1;1;1;1;0;1;2;2024-12-23 08:44:11;Véronique Rochon  veronique.rochon.hsj@ssss.gouv.qc.ca  438-885-5622;1;2
55;;2024-12-23 08:47:06;1;4;5;6;0;0;1;0;0;0;;0;1;0;0;0;0;1;1;1;1;0;0;0;2;2;2;;;;;;;;;;;;;;;;;;;;;;;;;;;0;0;0;0;0;0;0;0;0;0;0;0;0;0;0;0;0;0;0;0;0;0;0;0;0;;;;;;0;0;0;0;0;0;0;0;0;0;0;0;0;0;0;0;0;0;0;0;0;0;0;0;0;;;;;;;;;;;;;;;0;0;0;0;0;0;0;;;;;;;;;;;;;;;;;;;;;;;;;;;;0;0;0;0;0;;;0;0;0;0;0;0;0;0;0;0;;0;0;0;0;;;0;0;0;0;0;0;0;0;0;0;;0;0;0;0;0;0;0;0;0;0;0;0;0;0;0;;;0;0;0;0;0;;;0;0;0;0;0;0;0;;;;0;2024-12-23 08:49:31;1;1;2;1;1;2;3;5;5;1;3;1;;2;3;2;0;0;0;0;0;0;0;0;0;1;0;0;1;0;2;2024-12-23 08:51:54;1;1;1;0;0;1;1;1;1;1;1;1;2;1;1;1;0;0;0;1;1;1;1;0;0;0;1;0;0;0;0;0;0;0;1;1;0;1;2;2024-12-23 08:53:05;Josée Delambre 514.823.6855  josee.delambre.hsj@ssss.gouv.qc.ca;1;2
56;;2024-12-26 15:37:59;1;2;2;6;1;0;0;0;0;0;;1;0;0;0;0;0;3;1;1;0;0;0;0;2;2;2;;;;;;;;;;;;;;;;;;;;;;;;;;;0;0;0;0;0;0;0;0;0;0;0;0;0;0;0;0;0;0;0;0;0;0;0;0;0;;;;;;0;0;0;0;0;0;0;0;0;0;0;0;0;0;0;0;0;0;0;0;0;0;0;0;0;;;;;;;;;;;;;;;0;0;0;0;0;0;0;;;;;;;;;;;;;;;;;;;;;;;;;;;;0;0;0;0;0;;;0;0;0;0;0;0;0;0;0;0;;0;0;0;0;;;0;0;0;0;0;0;0;0;0;0;;0;0;0;0;0;0;0;0;0;0;0;0;0;0;0;;;0;0;0;0;0;;;0;0;0;0;0;0;0;;;;0;2024-12-26 15:40:00;1;2;2;1;1;2;;4;5;5;4;;;4;2;1;1;0;0;1;0;0;1;0;0;0;1;1;0;0;2;2024-12-26 15:41:42;2;1;0;0;0;0;0;1;1;1;0;0;3;0;1;1;1;1;0;1;0;1;1;1;0;0;1;0;0;1;1;1;1;1;1;1;0;1;2;2024-12-26 15:42:17;Laura-Maude Houle   lauramaude_h@hotmail.com   514-623-8518;1;2
57;;2024-12-30 07:48:43;1;4;5;6;0;0;1;0;0;0;;0;1;0;0;0;1;2;0;0;0;0;0;0;3;1;2;2024-12-30 07:56:31;2;;;;2;;;;2;;;;2;;;;2;;;;3;;;;;0;0;1;0;0;0;0;0;0;0;0;0;0;0;0;0;0;0;0;0;0;0;0;0;0;1;;;;;0;0;1;0;0;0;0;0;0;0;0;0;0;0;0;0;0;0;0;0;0;0;0;0;0;;1;;;;;3;;;;;;;1;0;1;0;0;0;0;1;4;;;;;3;;;;;3;;;;;14;;;;;7;;;;;;2;0;0;0;0;0;1;3;0;0;1;0;0;0;0;0;0;0;1;1;1;1;0;1;1;0;1;1;0;0;0;1;1;0;0;3;0;1;1;0;0;0;0;0;1;0;0;0;0;0;0;;2;0;0;0;0;0;;1;0;0;0;0;1;0;0;;2;3;2;;;;;;;;;;;;;;;;;;0;0;0;0;0;0;0;0;0;0;0;0;0;0;0;2024-12-30 07:59:26;1;1;0;1;1;0;0;0;1;1;0;0;1;1;1;0;0;0;1;0;0;0;0;0;1;0;0;0;0;1;0;1;1;0;0;1;0;1;2;2024-12-30 08:00:36;Dominique Breton  dominique.breton.hsj@ssss.gouv.qc.ca  514-374-1710 poste 8188;1;2
58;;2025-01-02 10:07:43;1;1;2;6;0;0;1;0;0;0;;0;0;0;0;0;1;1;0;0;1;0;0;0;4;1;2;2025-01-02 10:30:43;2;;;;2;;;;1;applications pour familiariser avec le clavier et pour faciliter l'écriture à l'ordinateur ;3;3;2;;;;2;;;;1;2;3;4;4;0;0;0;1;0;0;0;1;1;1;1;1;1;1;1;1;1;1;1;1;1;1;1;1;1;1;2;3;4;1;0;0;1;0;0;0;0;0;1;1;1;1;1;0;0;1;0;1;0;0;0;0;0;0;1;Autres : TDC : applications sur leur téléphone portable pour leur ordinateur portable pour les aider à s'organiser par exemple. ;3;;;;;3;;;;;selon si je suis à l'aise à le présenter et l'explorer en groupe facilement. ;;2;0;0;0;0;0;0;0;3;;;;;3;;;;;3;;;;;14;;;;;12;;;;;;3;0;0;0;0;0;1;1;0;0;1;0;0;0;0;1;0;0;1;1;1;1;0;2;3;0;0;0;0;0;0;0;0;0;0;1;0;0;0;0;0;0;1;1;1;0;0;0;0;0;0;;3;0;0;1;0;0;;3;0;1;0;0;1;1;0;;2;2;2;;;;;;;;;;;;;;;;;;0;0;0;0;0;0;0;0;0;0;0;0;0;0;0;2025-01-02 10:33:46;1;1;0;0;1;0;0;0;0;1;0;0;1;0;1;0;1;1;0;1;0;1;0;0;1;0;0;0;0;0;0;1;0;0;0;1;0;1;2;2025-01-02 10:34:27;Mouna Loukili, mouna.loukili.hsj@ssss.gouv.qc.ca, 581-305-1500;1;2
59;;2025-01-03 08:37:54;1;1;1;6;0;0;1;0;0;0;;0;0;0;0;0;1;1;1;1;1;0;1;0;4;1;2;2025-01-03 08:48:00;2;;;;2;;;;1;Ipad;3;3;2;;;;2;;;;2;3;1;4;4;0;0;1;0;0;0;0;1;0;0;0;0;0;0;0;0;0;0;0;0;0;0;0;0;0;1;2;3;4;4;0;0;1;0;0;0;0;0;0;0;0;0;0;0;0;0;0;0;0;0;0;0;0;0;0;;1;;;;;3;;;;;Je n'ai jamais utilisé ces technologiques en contexte de groupe, mais elles se prêtent bien en contexte individuel (Ipad sont petits et plus difficiles à partager).;;2;0;0;0;0;0;0;0;1;;;;;3;;;;;3;1;2;4;5;8;15;15;15;15;12;;;;;;2;0;0;0;0;0;2;1;0;0;0;0;0;0;0;1;0;0;1;1;1;1;0;2;1;0;0;0;0;0;0;0;1;0;0;1;0;0;0;0;0;0;1;0;1;0;0;0;0;0;0;;3;1;1;1;0;0;;3;1;1;1;0;1;0;0;;2;2;2;;;;;;;;;;;;;;;;;;0;0;0;0;0;0;0;0;0;0;0;0;0;0;0;2025-01-03 08:50:12;1;2;1;0;0;1;1;0;0;0;0;0;2;1;1;1;1;1;1;1;1;1;0;0;0;0;1;0;0;1;0;1;0;1;1;0;0;1;2;2025-01-03 08:50:42;Mathilde Charron  mathilde.charron.hsj@ssss.gouv.qc.ca;1;2
60;;2025-01-03 13:05:54;1;1;2;6;0;0;1;0;0;0;;0;0;0;0;1;0;1;1;1;1;0;1;0;3;1;2;2025-01-03 13:21:04;2;;;;1;Jeux mnésiques et de éduction logique... je ne me rappelle plus du nom;4;3;1;Jeux poursuite visuelle;4;1;2;;;;1;ARMÉO;2;2;1;2;3;4;4;0;0;1;0;0;0;0;1;0;0;0;1;1;0;1;1;1;1;0;1;1;1;1;0;1;3;;;;;1;1;1;0;1;0;0;0;0;0;0;0;0;0;0;0;0;0;0;0;0;0;0;0;0;Les déficits d'origine neurologique sont variés et peuvent se présenter sous de multiples facettes, touchant les sphères, par exemple, motrice globale, motrice fine, perceptivo-cognitive. Selon l'âge de l'enfant et la nature du diagnostic, il est donc possible qu'il ait autant des défis développementaux, moteurs, cognitifs, sensoriels, etc.;1;3;1;1;;1;2;3;5;;Individuel la plupart du temps puisqu'il est davantage possible d'adapter la gradation selon les habiletés propres de l'enfant et ses objectifs spécifiques.  Toutefois, une activité de groupe peut favoriser la collaboration du jeune lorsque la motivation à la réadaptation est un enjeu.;;1;1;0;0;1;0;0;0;1;5;1;5;;1;2;3;5;;1;2;3;5;;9;1;10;5;;2;5;9;6;;;3;0;0;0;0;0;3;1;0;0;0;0;0;0;1;1;0;1;1;1;1;1;0;1;1;1;1;1;0;1;1;1;1;0;1;3;1;0;0;0;0;0;0;0;1;0;0;0;0;0;0;;2;1;1;1;1;1;;1;0;1;0;0;0;0;1;Accesibilité aux technologies à domicile notamment en lien avec le coût d'achat;3;3;2;;;;;;;;;;;;;;;;;;0;0;0;0;0;0;0;0;0;0;0;0;0;0;0;2025-01-03 13:24:05;1;1;1;1;1;1;1;1;1;1;1;1;3;1;0;1;0;0;1;1;0;1;0;0;1;0;0;0;0;0;1;1;1;1;1;1;0;1;2;2025-01-03 13:24:44;Karolann Leduc, ergothérapeute  karolann.leduc.hsj@ssss.gouv.qc.ca  (514) 374-1710 poste 8493;1;2
61;;2025-01-07 21:17:59;1;1;1;3;0;1;0;0;0;0;;0;0;0;0;0;1;2;0;0;0;0;0;0;3;2;2;;;;;;;;;;;;;;;;;;;;;;;;;;;0;0;0;0;0;0;0;0;0;0;0;0;0;0;0;0;0;0;0;0;0;0;0;0;0;;;;;;0;0;0;0;0;0;0;0;0;0;0;0;0;0;0;0;0;0;0;0;0;0;0;0;0;;;;;;;;;;;;;;;0;0;0;0;0;0;0;;;;;;;;;;;;;;;;;;;;;;;;;;;;0;0;0;0;0;;;0;0;0;0;0;0;0;0;0;0;;0;0;0;0;;;0;0;0;0;0;0;0;0;0;0;;0;0;0;0;0;0;0;0;0;0;0;0;0;0;0;;;0;0;0;0;0;;;0;0;0;0;0;0;0;;;;0;2025-01-07 21:20:38;1;3;3;3;2;3;2;5;5;4;3;3;;2;3;1;1;0;0;1;0;0;0;0;1;0;1;0;0;0;2;2025-01-07 21:23:49;1;2;1;1;1;1;1;0;0;0;0;0;3;1;1;1;1;1;1;1;1;1;1;1;1;1;1;0;0;1;0;1;0;0;0;0;0;1;2;2025-01-07 21:24:28;Tiffany Hu   tiffany.yifan.hu@gmail.com;1;2
62;;2025-01-07 21:59:28;1;3;5;6;0;1;0;0;0;0;;1;0;0;0;0;0;1;0;1;1;1;0;0;4;1;2;2025-01-07 22:10:46;2;;;;1;Xzbox et Wii;3;2;1;Respirelax et Orientate;2;2;1;podometre ;4;3;2;;;;3;4;;;;0;1;0;0;0;0;1;1;1;0;0;0;0;0;0;0;0;0;0;0;0;0;0;0;0;2;;;;;0;1;1;1;0;0;0;0;0;0;0;0;0;0;0;0;0;0;0;0;0;0;0;0;0;;1;1;1;;;2;3;4;;;individuel en raison de la nature individuelle des suivis en clinique ;;2;0;0;0;0;0;0;0;1;1;5;;;2;3;4;;;2;3;4;;;2;11;3;;;6;13;4;;;;1;0;1;1;1;0;1;2;0;1;1;1;0;0;0;0;0;0;1;1;1;0;0;1;3;0;1;1;1;0;0;0;0;0;0;1;0;0;0;0;0;0;0;1;1;1;0;0;1;1;0;;3;0;1;1;1;0;;1;1;1;0;1;1;1;0;;2;3;2;;;;;;;;;;;;;;;;;;0;0;0;0;0;0;0;0;0;0;0;0;0;0;0;2025-01-07 22:13:14;3;1;0;0;0;0;0;0;1;1;1;0;3;0;1;1;1;1;1;1;1;1;0;1;0;0;1;0;0;1;0;1;1;1;1;1;0;1;2;2025-01-07 22:13:44;Isabelle Quintal   Isabelle.Quintal@USherbrooke.ca   514-998-4798;1;2
63;;2025-01-07 22:21:01;1;1;2;6;1;0;1;0;0;0;;1;0;1;0;0;1;2;0;0;0;0;0;0;4;2;2;;;;;;;;;;;;;;;;;;;;;;;;;;;0;0;0;0;0;0;0;0;0;0;0;0;0;0;0;0;0;0;0;0;0;0;0;0;0;;;;;;0;0;0;0;0;0;0;0;0;0;0;0;0;0;0;0;0;0;0;0;0;0;0;0;0;;;;;;;;;;;;;;;0;0;0;0;0;0;0;;;;;;;;;;;;;;;;;;;;;;;;;;;;0;0;0;0;0;;;0;0;0;0;0;0;0;0;0;0;;0;0;0;0;;;0;0;0;0;0;0;0;0;0;0;;0;0;0;0;0;0;0;0;0;0;0;0;0;0;0;;;0;0;0;0;0;;;0;0;0;0;0;0;0;;;;0;2025-01-07 22:22:49;1;2;3;3;1;2;2;4;5;5;4;1;;2;3;1;0;0;1;0;1;1;0;0;1;1;1;1;1;0;2;2025-01-07 22:24:25;1;3;1;1;1;1;1;0;0;0;0;0;3;1;0;1;0;0;1;0;0;1;1;1;0;0;1;0;0;1;1;1;1;1;1;1;0;1;2;2025-01-07 22:24:51;Yasmine Boudries   Yasmineboudries99@gmail.com;2;2
64;;2025-01-13 17:40:45;1;3;1;6;0;0;0;0;1;0;;0;0;0;0;0;1;2;0;0;0;0;0;0;3;2;2;;;;;;;;;;;;;;;;;;;;;;;;;;;0;0;0;0;0;0;0;0;0;0;0;0;0;0;0;0;0;0;0;0;0;0;0;0;0;;;;;;0;0;0;0;0;0;0;0;0;0;0;0;0;0;0;0;0;0;0;0;0;0;0;0;0;;;;;;;;;;;;;;;0;0;0;0;0;0;0;;;;;;;;;;;;;;;;;;;;;;;;;;;;0;0;0;0;0;;;0;0;0;0;0;0;0;0;0;0;;0;0;0;0;;;0;0;0;0;0;0;0;0;0;0;;0;0;0;0;0;0;0;0;0;0;0;0;0;0;0;;;0;0;0;0;0;;;0;0;0;0;0;0;0;;;;0;;;;;;;;;;;;;;;;;;0;0;0;0;0;0;0;0;0;0;0;0;0;0;0;;;;0;0;0;0;0;0;0;0;0;0;;0;0;0;0;0;0;0;0;0;0;0;0;0;0;0;0;0;0;0;0;0;0;0;0;;0;;;;0
65;;2025-01-16 19:32:07;1;2;3;14;1;1;0;0;0;0;;0;0;0;0;0;1;1;0;0;1;0;0;0;3;1;2;2025-01-16 19:38:03;2;;;;2;;;;2;;;;2;;;;2;;;;3;4;;;;0;0;1;0;0;0;0;1;0;0;0;0;0;0;0;0;0;0;0;0;0;0;0;0;0;1;;;;;0;0;1;0;0;0;0;0;0;0;0;0;0;0;0;0;0;0;0;0;0;0;0;0;0;;1;;;;;3;;;;;Pas d'équipement suffisant pour son utilisation en contexte de groupe.;;2;0;0;0;0;0;0;0;1;;;;;3;;;;;3;;;;;9;;;;;14;;;;;;2;0;0;0;0;0;2;3;0;0;0;0;0;0;0;0;0;0;1;1;0;0;0;1;1;0;0;1;0;0;0;0;1;0;0;1;0;0;0;0;0;0;1;1;0;1;0;0;0;0;0;;3;0;0;1;0;0;;1;0;1;0;0;1;0;0;;2;3;2;;;;;;;;;;;;;;;;;;0;0;0;0;0;0;0;0;0;0;0;0;0;0;0;2025-01-16 19:39:49;2;2;0;0;0;0;0;0;0;0;0;0;3;0;1;1;0;0;1;1;1;1;0;1;0;0;1;0;0;0;0;0;1;1;0;1;0;1;2;2025-01-16 19:40:26;Marc-André Clément, marc-andre.clement@mail.mcgill.ca, 514-891-9618;2;2
66;;2025-01-16 19:49:51;1;3;5;16;0;0;1;0;0;0;;0;1;1;0;0;1;1;0;0;1;0;0;0;4;1;2;2025-01-16 19:57:25;2;;;;2;;;;1;Apple;3;2;2;;;;2;;;;2;1;3;;;0;0;1;0;0;0;0;1;0;0;0;0;1;0;0;0;0;0;0;0;0;0;0;0;0;1;2;3;;;0;0;1;0;0;0;0;1;0;0;0;0;1;0;0;0;0;0;0;0;0;0;0;0;0;;1;;;;;3;;;;;Je ne fais pas de groupe actuellement dans mon contexte de pratique.;;1;0;1;0;0;0;0;0;1;;;;;3;;;;;3;;;;;8;;;;;8;;;;;;1;0;0;1;0;0;1;3;0;0;1;0;0;0;0;0;0;0;1;1;0;0;0;1;1;0;0;1;0;0;0;0;1;0;0;2;0;0;1;0;0;0;0;1;1;1;1;1;1;0;0;;3;0;0;1;0;0;;1;0;1;0;1;0;0;0;;2;3;2;;;;;;;;;;;;;;;;;;0;0;0;0;0;0;0;0;0;0;0;0;0;0;0;2025-01-16 19:59:27;2;2;0;0;0;0;0;0;0;0;0;0;2;0;1;1;0;0;1;0;1;1;0;1;0;0;0;0;0;0;0;1;1;0;1;1;0;1;2;2025-01-16 19:59:57;Julie Dumas  dumasjulie@yahoo.com;2;2
67;;2025-01-16 20:39:14;1;4;5;6;0;0;0;1;0;0;;0;0;1;0;0;0;2;0;0;0;0;0;0;3;2;2;;;;;;;;;;;;;;;;;;;;;;;;;;;0;0;0;0;0;0;0;0;0;0;0;0;0;0;0;0;0;0;0;0;0;0;0;0;0;;;;;;0;0;0;0;0;0;0;0;0;0;0;0;0;0;0;0;0;0;0;0;0;0;0;0;0;;;;;;;;;;;;;;;0;0;0;0;0;0;0;;;;;;;;;;;;;;;;;;;;;;;;;;;;0;0;0;0;0;;;0;0;0;0;0;0;0;0;0;0;;0;0;0;0;;;0;0;0;0;0;0;0;0;0;0;;0;0;0;0;0;0;0;0;0;0;0;0;0;0;0;;;0;0;0;0;0;;;0;0;0;0;0;0;0;;;;0;;;;;;;;;;;;;;;;;;0;0;0;0;0;0;0;0;0;0;0;0;0;0;0;;;;0;0;0;0;0;0;0;0;0;0;;0;0;0;0;0;0;0;0;0;0;0;0;0;0;0;0;0;0;0;0;0;0;0;0;;0;;;;0
68;;2025-01-16 21:10:11;1;1;2;3;0;0;1;0;0;0;;0;1;0;0;0;1;1;0;0;1;0;0;0;3;1;2;2025-01-16 21:17:58;2;;;;2;;;;1;Apple;3;2;2;;;;2;;;;2;3;;;;0;0;1;0;0;0;0;1;0;0;0;0;0;0;0;0;0;0;0;0;0;0;0;0;0;1;;;;;0;0;1;0;0;0;0;0;0;0;0;0;0;0;0;0;0;0;0;0;0;0;0;0;0;;1;;;;;3;;;;;Je l'utilise en contexte individuel comme nous n'en avons pas assez pour les intégrer dans un groupe. ;;2;0;0;0;0;0;0;0;1;;;;;3;;;;;3;3;;;;9;14;;;;8;12;;;;;1;0;0;1;0;0;1;3;0;0;1;0;0;0;0;0;0;0;1;0;1;0;0;2;1;0;0;0;0;0;0;0;1;0;0;1;0;0;0;0;0;0;0;0;1;0;0;0;0;0;0;;3;0;0;1;0;0;;1;0;1;0;0;1;0;0;;2;3;2;;;;;;;;;;;;;;;;;;0;0;0;0;0;0;0;0;0;0;0;0;0;0;0;2025-01-16 21:20:13;3;2;0;0;0;0;0;0;0;0;0;0;3;0;1;0;0;1;0;1;1;1;0;0;0;0;1;0;0;1;1;1;0;1;0;0;0;1;2;2025-01-16 21:20:43;Laurie Dufour, laurie_dufour@hotmail.com, 438-826-9462;2;2
69;;2025-01-16 22:33:00;1;2;4;6;0;0;1;1;0;0;;1;1;1;1;1;1;1;0;0;1;0;0;0;4;1;2;2025-01-16 22:49:06;2;;;;1;;;;1;"Inclusive technology; Judy Lynn; Smartbox; Tobii dynavox";1;3;2;;;;2;;;;2;3;3;4;;0;0;1;0;0;0;0;1;0;0;0;0;1;0;0;0;0;1;0;0;0;0;0;0;0;1;2;3;3;;0;0;1;0;0;0;0;1;0;0;0;0;1;0;0;0;0;1;0;0;0;0;0;0;0;N/A;1;2;;;;3;3;;;;Les deux possibilités dépendemment de la modalité choisie pour l'enfant. L'intervention en groupe peut optimiser l'engagement et la motivation de l'enfant ou du jeune. ;;1;1;1;0;1;0;0;0;4;;;;;3;;;;;3;3;3;3;;6;7;8;14;;8;8;14;12;;;1;0;0;1;0;0;1;1;1;1;1;1;1;1;1;1;1;1;1;1;1;1;0;1;2;1;1;1;1;1;0;0;0;0;0;1;0;0;0;0;0;0;0;0;0;1;0;0;0;1;0;;3;1;1;1;1;1;;2;0;0;0;0;0;0;0;;3;2;2;;;;;;;;;;;;;;;;;;0;0;0;0;0;0;0;0;0;0;0;0;0;0;0;2025-01-16 22:51:14;1;2;1;1;1;1;1;0;0;0;0;0;2;1;1;1;1;1;1;1;1;1;1;0;1;0;1;0;0;0;0;0;1;0;0;1;0;1;2;2025-01-16 22:52:15;Tatiana Dib  Tatiana.dib.hsj@ssss.gouv.qc.ca;1;2
70;;2025-01-16 22:33:48;1;2;4;13;0;0;0;0;0;1;Prive autonome;0;0;0;0;0;1;2;0;0;0;0;0;0;4;2;2;;;;;;;;;;;;;;;;;;;;;;;;;;;0;0;0;0;0;0;0;0;0;0;0;0;0;0;0;0;0;0;0;0;0;0;0;0;0;;;;;;0;0;0;0;0;0;0;0;0;0;0;0;0;0;0;0;0;0;0;0;0;0;0;0;0;;;;;;;;;;;;;;;0;0;0;0;0;0;0;;;;;;;;;;;;;;;;;;;;;;;;;;;;0;0;0;0;0;;;0;0;0;0;0;0;0;0;0;0;;0;0;0;0;;;0;0;0;0;0;0;0;0;0;0;;0;0;0;0;0;0;0;0;0;0;0;0;0;0;0;;;0;0;0;0;0;;;0;0;0;0;0;0;0;;;;0;2025-01-16 22:38:33;2;2;2;3;1;3;3;3;5;4;5;3;;2;3;1;0;0;1;1;0;1;0;0;1;0;0;0;0;0;2;2025-01-16 22:41:03;3;2;0;0;0;0;0;0;0;0;0;0;3;1;1;1;0;1;0;0;0;1;1;1;0;0;1;0;0;1;0;1;1;1;0;1;0;1;2;2025-01-16 22:41:56;Alexandria Carlucci  Alexandria.carlucci@hotmail.com  514-952-3870;1;2
71;;2025-01-17 08:20:38;1;1;2;6;0;0;0;1;0;0;;1;1;1;1;0;1;1;0;0;1;0;0;0;3;1;2;2025-01-17 08:34:07;2;;;;2;;;;1;N/A;2;2;2;;;;2;;;;3;;;;;0;0;1;0;0;0;0;0;0;0;0;0;0;0;0;0;0;0;0;0;0;0;0;0;0;1;2;3;;;0;0;1;0;0;0;0;1;0;0;0;0;1;0;0;0;0;0;0;0;0;0;0;0;0;;1;;;;;3;;;;;individuelle car plus simple pour aider les jeunes avec déficit moteur ;;2;0;0;0;0;0;0;0;4;;;;;3;;;;;3;;;;;6;;;;;12;;;;;;2;0;0;0;0;0;1;3;0;0;1;0;0;0;0;0;0;0;1;0;1;1;0;1;1;0;0;1;0;0;0;0;1;0;0;2;0;0;1;0;0;0;1;0;0;0;0;0;0;1;0;;3;0;0;1;0;0;;3;0;1;0;0;1;0;0;;2;3;2;;;;;;;;;;;;;;;;;;0;0;0;0;0;0;0;0;0;0;0;0;0;0;0;2025-01-17 08:42:46;1;1;1;1;1;1;1;1;1;1;1;1;2;1;1;1;1;0;0;1;0;1;0;0;1;0;0;0;0;0;0;1;1;1;1;0;0;2;2;2025-01-17 08:43:07;;2;2
72;;2025-01-17 09:34:22;1;4;5;6;0;0;1;0;0;0;;0;0;1;0;0;1;1;1;1;1;0;1;0;4;1;2;2025-01-17 09:40:54;2;;;;2;;;;1;apple;3;2;2;;;;2;;;;2;3;;;;0;0;1;0;0;0;1;1;0;0;0;0;0;0;0;0;0;0;0;0;0;0;0;0;0;2;;;;;0;0;1;0;0;0;0;0;0;0;0;0;0;0;0;0;0;0;0;0;0;0;0;0;0;;1;;;;;3;;;;;individuel car utiliser pour des enfants avec des difficultsé motrices importantes;;1;0;1;0;0;0;0;0;3;;;;;3;;;;;3;;;;;6;;;;;9;;;;;;1;0;0;1;0;0;1;1;0;0;1;0;0;0;0;1;0;0;1;0;1;1;0;1;1;0;0;1;0;0;0;0;0;0;0;1;0;0;0;0;0;1;0;0;0;0;0;0;0;1;0;;3;0;0;1;0;0;;2;0;0;0;0;0;0;0;;3;2;2;;;;;;;;;;;;;;;;;;0;0;0;0;0;0;0;0;0;0;0;0;0;0;0;2025-01-17 09:43:23;1;1;1;0;0;1;1;1;0;0;1;1;1;1;1;1;1;1;1;1;0;1;1;0;1;0;0;0;0;1;0;1;0;0;1;1;0;1;2;2025-01-17 09:43:47;marie-claude.cardinal.hsj@ssss.gouv.qc.ca;1;2
73;;2025-01-17 09:41:32;1;1;2;6;0;0;1;0;0;0;;1;0;0;1;1;0;1;1;1;1;0;1;0;4;1;2;2025-01-17 10:11:22;2;;;;2;;;;2;;;;2;;;;2;;;;4;3;;;;0;1;0;0;1;0;1;0;0;0;0;0;0;0;0;0;0;0;0;0;0;0;0;0;0;3;2;;;;0;1;0;0;1;0;0;1;0;0;0;0;0;0;0;0;0;0;0;0;0;0;0;0;0;;1;1;1;;;2;5;3;;;Je préfère utiliser ces technologies en contexte individuel, car la gestion du matériel est plus facile. Aussi, dans mon contexte de pratique, je ne fais pas de thérapie de groupe. ;;1;1;0;0;1;0;0;0;5;5;3;;;2;5;3;;;2;2;2;5;3;1;2;4;6;9;6;13;5;5;12;;1;0;1;1;0;0;1;1;0;1;0;0;0;0;0;0;0;1;1;1;1;1;0;1;1;0;1;0;0;0;0;1;1;0;1;2;0;1;1;0;1;0;0;0;0;0;0;0;0;0;1;Entretien du matériel technologique en cas de dysfonctionnement ou de bris.;3;0;1;1;0;1;;1;0;1;0;0;1;0;0;;3;1;2;;;;;;;;;;;;;;;;;;0;0;0;0;0;0;0;0;0;0;0;0;0;0;0;2025-01-17 10:14:52;1;1;1;1;0;1;1;1;1;0;0;0;1;1;1;1;0;1;1;0;1;1;0;0;1;1;0;0;0;0;0;0;1;0;0;1;0;1;2;2025-01-17 10:16:04;Mariette ABOU SEIF, mariette.abou-seif.hsj@ssss.gouv.qc.ca;1;2
74;;2025-01-17 10:04:20;1;2;3;6;0;0;1;1;0;0;;1;0;1;1;1;1;1;0;0;1;0;0;0;4;1;2;2025-01-17 10:19:28;2;;;;2;;;;1;Ipad;4;3;2;;;;2;;;;3;;;;;0;0;1;0;0;0;0;0;0;0;0;0;0;0;0;0;0;0;0;0;0;0;0;0;0;2;3;1;;;0;0;1;0;0;0;0;1;0;0;0;0;1;0;0;0;0;0;0;0;0;0;0;0;0;;1;;;;;3;;;;;Jamais utilisé en contexte de groupe. ;;2;0;0;0;0;0;0;0;2;;;;;3;;;;;3;3;;;;14;8;;;;9;;;;;;1;0;0;1;0;0;1;1;0;0;1;0;0;0;0;1;0;0;1;1;0;0;0;1;1;0;0;1;0;0;0;0;1;0;0;1;0;0;0;0;0;0;0;0;1;0;1;0;0;0;0;;2;0;0;1;0;0;;1;0;1;0;0;0;0;0;;3;3;2;;;;;;;;;;;;;;;;;;0;0;0;0;0;0;0;0;0;0;0;0;0;0;0;2025-01-17 10:21:57;1;1;1;1;1;1;1;1;1;1;1;1;2;1;0;1;1;0;0;1;1;1;1;1;1;0;1;0;0;1;0;1;1;0;1;1;0;1;2;2025-01-17 10:22:15;Myriam Massicotte 514-374-1710 #8890;2;2
75;;2025-01-17 11:36:31;1;1;2;6;0;0;0;1;0;0;;1;1;1;1;1;1;1;0;0;1;0;0;0;4;1;2;;;;;;;;;;;;;;;;;;;;;;;;;;;0;0;0;0;0;0;0;0;0;0;0;0;0;0;0;0;0;0;0;0;0;0;0;0;0;;;;;;0;0;0;0;0;0;0;0;0;0;0;0;0;0;0;0;0;0;0;0;0;0;0;0;0;;;;;;;;;;;;;;;0;0;0;0;0;0;0;;;;;;;;;;;;;;;;;;;;;;;;;;;;0;0;0;0;0;;;0;0;0;0;0;0;0;0;0;0;;0;0;0;0;;;0;0;0;0;0;0;0;0;0;0;;0;0;0;0;0;0;0;0;0;0;0;0;0;0;0;;;0;0;0;0;0;;;0;0;0;0;0;0;0;;;;0;;;;;;;;;;;;;;;;;;0;0;0;0;0;0;0;0;0;0;0;0;0;0;0;;;;0;0;0;0;0;0;0;0;0;0;;0;0;0;0;0;0;0;0;0;0;0;0;0;0;0;0;0;0;0;0;0;0;0;0;;0;;;;0
77;;2025-01-21 12:42:58;1;2;2;6;0;0;1;0;0;0;;0;0;0;0;0;1;1;0;0;1;0;0;0;3;1;2;2025-01-21 12:51:16;2;;;;2;;;;1;;4;2;2;;;;2;;;;3;2;;;;0;0;1;0;0;0;0;1;0;0;0;0;0;0;0;0;0;0;0;0;0;0;0;0;0;1;;;;;0;0;1;0;0;0;0;0;0;0;0;0;0;0;0;0;0;0;0;0;0;0;0;0;0;;1;;;;;3;;;;;;;2;0;0;0;0;0;0;0;1;;;;;3;;;;;3;;;;;14;;;;;;;;;;;1;0;0;1;0;0;3;3;0;0;0;0;0;0;0;0;0;0;1;1;1;0;0;1;1;0;0;1;0;0;0;0;1;0;0;2;0;0;1;0;0;0;1;0;1;0;0;0;0;0;0;;2;0;0;0;0;0;;1;0;1;0;1;1;0;0;;2;2;2;;;;;;;;;;;;;;;;;;0;0;0;0;0;0;0;0;0;0;0;0;0;0;0;2025-01-21 12:54:49;1;3;0;0;0;0;0;0;0;0;0;0;3;0;1;0;1;1;1;0;0;1;0;1;0;0;0;0;0;1;0;1;0;1;0;0;0;1;2;2025-01-21 12:55:24;Alessandra Hamelin  alessandra.hamelin.hsj@ssss.gouv.qc.ca;1;2
78;;2025-01-22 12:23:06;1;3;5;6;0;0;1;0;0;0;;0;0;0;0;0;1;1;0;0;1;0;0;0;3;1;2;2025-01-22 12:28:42;2;;;;2;;;;1;Apple;4;1;2;;;;2;;;;2;3;;;;0;0;1;0;0;0;0;1;0;0;0;0;0;0;0;0;0;0;0;0;0;0;0;0;0;1;3;;;;0;0;1;0;0;0;0;1;0;0;0;0;0;0;0;0;0;0;0;0;0;0;0;0;0;;1;;;;;3;;;;;individuelle;;1;0;0;0;0;0;0;0;2;;;;;3;;;;;3;;;;;14;;;;;9;;;;;;2;0;0;0;0;0;1;1;0;0;1;0;0;0;0;1;0;0;;0;1;0;0;1;1;0;0;1;0;0;0;0;1;0;0;2;0;0;0;0;0;0;0;0;1;0;0;0;0;0;0;;3;0;0;1;0;0;;1;0;0;0;0;1;0;0;;3;3;2;;;;;;;;;;;;;;;;;;0;0;0;0;0;0;0;0;0;0;0;0;0;0;0;2025-01-22 12:32:56;1;3;0;0;1;0;0;0;0;0;0;0;2;1;1;1;0;1;1;0;0;1;0;1;1;0;0;0;0;0;0;1;0;1;0;0;0;1;2;2025-01-22 12:33:45;Karine Brais, karine.brais.hsj@ssss.gouv.qc.ca  514-813-0081;2;2
79;;2025-01-24 20:47:28;1;1;2;6;0;0;1;0;0;0;;1;0;0;1;0;0;1;1;1;1;0;1;0;4;1;2;2025-01-24 20:57:55;2;;;;2;;;;2;;;;2;;;;1;Armeo;3;2;4;3;;;;1;1;1;0;1;0;1;0;0;1;0;0;0;0;0;0;0;0;0;0;0;0;0;0;0;2;3;;;;1;1;1;0;1;1;1;1;0;1;0;0;0;0;0;0;0;0;0;0;0;0;0;0;0;;1;;;;;5;;;;;Individuelle, plus en mesure de cibler les besoins personnels du jeune.;;2;0;0;0;0;0;0;0;3;;;;;5;;;;;5;1;;;;5;11;;;;6;12;;;;;1;0;1;0;0;0;1;1;0;1;0;0;1;1;1;1;0;1;1;1;1;1;0;1;1;1;1;0;0;0;1;1;0;0;0;3;1;0;0;0;0;0;1;0;1;0;1;1;0;0;0;;2;1;0;0;0;0;;2;0;0;0;0;0;0;0;;3;2;2;;;;;;;;;;;;;;;;;;0;0;0;0;0;0;0;0;0;0;0;0;0;0;0;2025-01-24 21:00:09;1;1;1;1;0;0;1;1;1;0;0;0;2;1;0;0;1;0;0;0;0;1;0;0;0;0;0;0;0;0;0;0;0;1;1;0;0;1;2;2025-01-24 21:00:34;Delphine, Dion, delphinedion@hotmail.com, 514-715-5493;2;2
80;;2025-01-27 09:19:50;1;1;2;6;1;0;0;0;0;0;;0;0;0;0;0;1;2;0;0;0;0;0;0;3;2;2;;;;;;;;;;;;;;;;;;;;;;;;;;;0;0;0;0;0;0;0;0;0;0;0;0;0;0;0;0;0;0;0;0;0;0;0;0;0;;;;;;0;0;0;0;0;0;0;0;0;0;0;0;0;0;0;0;0;0;0;0;0;0;0;0;0;;;;;;;;;;;;;;;0;0;0;0;0;0;0;;;;;;;;;;;;;;;;;;;;;;;;;;;;0;0;0;0;0;;;0;0;0;0;0;0;0;0;0;0;;0;0;0;0;;;0;0;0;0;0;0;0;0;0;0;;0;0;0;0;0;0;0;0;0;0;0;0;0;0;0;;;0;0;0;0;0;;;0;0;0;0;0;0;0;;;;0;2025-01-27 09:21:53;1;2;2;1;1;2;2;4;5;4;3;1;;2;3;1;1;0;1;1;1;0;0;0;1;0;1;0;0;0;2;2025-01-27 09:24:11;1;3;1;1;1;1;1;0;0;0;0;0;3;0;1;1;0;1;1;0;0;1;1;1;1;0;0;0;0;1;0;1;1;1;1;1;0;1;2;2025-01-27 09:25:13;Asami Couture  asami.couture.hsj@ssss.gouv.qc.ca;1;2